A23KAJRDVCVGOE,FIRSTROUNDFULL,Identity,50,3000,1,1658868833334,15,1658868718450,1,SaidOld,1,35,518.9022222222222,60.680000000000014,1,6,541.5,147.97368621826172,2,6,90.17121056116615,46,4,30,1.1806375442739079,-28.819362455726093,15719,169644,48,721,721,1658868676428,26/07/2022@16,Mozilla/5.0(X11;CrOSx86_6414816.99.0)AppleWebKit/537.36(KHTMLlikeGecko)Chrome/103.0.0.0Safari/537.36,1616,759,1616,909,448878
A23KAJRDVCVGOE,FIRSTROUNDFULL,Identity,50,3000,2,1658868847078,0,-1,0,SaidOld,0,35,518.9022222222222,60.680000000000014,1,6,323.5,524.9736862182617,6,4,503.7366926396412,46,4,-1,3.778040141676505,4.778040141676505,25211,178919,51,721,721
A23KAJRDVCVGOE,FIRSTROUNDFULL,Identity,50,3000,3,1658868856354,37,1658868784474,1,SaidOld,1,40,528.9022222222222,514.3022222222222,6,6,196.5,586.9736862182617,7,2,340.25340412345514,46,4,74,13.931523022432113,-60.06847697756788,36373,192013,31,721,721
A23KAJRDVCVGOE,FIRSTROUNDFULL,Identity,50,3000,4,1658868869449,0,-1,0,SaidNew,1,40,528.9022222222222,514.3022222222222,6,6,-1,-1,-1,-1,-1,46,4,-1,-1,-1,49023,196083,39,721,721
A23KAJRDVCVGOE,FIRSTROUNDFULL,Identity,50,3000,5,1658868873013,2,1658868679435,1,SaidNew,0,46,605.6266666666667,426.5777777777777,5,7,-1,-1,-1,-1,-1,46,4,4,-1,-1,51537,198597,43,721,721
A23KAJRDVCVGOE,FIRSTROUNDFULL,Identity,50,3000,6,1658868875528,47,1658868814484,1,SaidOld,1,45,627.6266666666667,339.85333333333335,4,7,186.5,503.9736862182617,6,2,470.6678513299138,46,4,94,39.315230224321134,-54.684769775678866,54215,203186,93,721,721
A23KAJRDVCVGOE,FIRSTROUNDFULL,Identity,50,3000,7,1658868880621,0,-1,0,SaidNew,1,45,627.6266666666667,339.85333333333335,4,7,-1,-1,-1,-1,-1,46,4,-1,-1,-1,59627,206687,63,721,721
A23KAJRDVCVGOE,FIRSTROUNDFULL,Identity,50,3000,8,1658868883619,34,1658868775471,1,SaidOld,1,30,433.17777777777775,243.12888888888892,3,5,248.5,480.9736862182617,6,3,301.12460746605996,46,4,68,16.76505312868949,-51.23494687131051,62402,216938,85,721,721
A23KAJRDVCVGOE,FIRSTROUNDFULL,Identity,50,3000,9,1658868894371,30,1658868763466,1,SaidNew,0,12,160.00444444444446,503.30222222222227,6,2,-1,-1,-1,-1,-1,46,4,60,-1,-1,72706,219766,87,721,721
A23KAJRDVCVGOE,FIRSTROUNDFULL,Identity,50,3000,10,1658868896698,12,1658868709446,1,SaidNew,0,33,431.17777777777775,498.30222222222227,6,5,-1,-1,-1,-1,-1,46,4,24,-1,-1,75779,222839,18,721,721
A23KAJRDVCVGOE,FIRSTROUNDFULL,Identity,50,3000,11,1658868899773,0,-1,0,SaidNew,1,33,431.17777777777775,498.30222222222227,6,5,-1,-1,-1,-1,-1,46,4,-1,-1,-1,77738,224798,24,721,721
A23KAJRDVCVGOE,FIRSTROUNDFULL,Identity,50,3000,12,1658868901732,35,1658868778472,1,SaidOld,1,36,532.9022222222222,150.40444444444447,2,6,337.5,511.9736862182617,6,4,410.99190386949937,46,4,70,38.84297520661157,-31.15702479338843,79940,228344,69,721,721
A23KAJRDVCVGOE,FIRSTROUNDFULL,Identity,50,3000,13,1658868905777,0,-1,0,SaidNew,1,36,532.9022222222222,150.40444444444447,2,6,-1,-1,-1,-1,-1,46,4,-1,-1,-1,83917,230977,71,721,721
A23KAJRDVCVGOE,FIRSTROUNDFULL,Identity,50,3000,14,1658868907909,0,-1,0,SaidOld,0,36,532.9022222222222,150.40444444444447,2,6,511.5,146.97368621826172,2,6,21.675451968895686,46,4,-1,49.35064935064935,50.35064935064935,86817,234890,19,721,721
A23KAJRDVCVGOE,FIRSTROUNDFULL,Identity,50,3000,15,1658868912321,0,-1,0,SaidOld,0,36,532.9022222222222,150.40444444444447,2,6,466.5,483.9736862182617,6,5,340.1142369463659,46,4,-1,55.371900826446286,56.371900826446286,90274,238893,99,721,721
A23KAJRDVCVGOE,FIRSTROUNDFULL,Identity,50,3000,16,1658868916324,1,1658868676434,1,SaidOld,1,39,512.9022222222222,425.5777777777777,5,6,14.5,6.973686218261719,0,0,650.871846515439,46,4,2,37.89846517119244,35.89846517119244,94734,244220,88,721,721
A23KAJRDVCVGOE,FIRSTROUNDFULL,Identity,50,3000,17,1658868921652,28,1658868757464,1,SaidNew,0,34,444.17777777777775,600.0266666666666,7,5,-1,-1,-1,-1,-1,46,4,56.00000000000001,-1,-1,100106,247166,1,721,721
A23KAJRDVCVGOE,FIRSTROUNDFULL,Identity,50,3000,18,1658868924098,0,-1,0,SaidNew,1,34,444.17777777777775,600.0266666666666,7,5,-1,-1,-1,-1,-1,46,4,-1,-1,-1,102097,249157,76,721,721
A23KAJRDVCVGOE,FIRSTROUNDFULL,Identity,50,3000,19,1658868926088,17,1658868724452,1,SaidOld,1,45,627.6266666666667,339.85333333333335,4,7,532.5,165.97368621826172,2,6,198.19993539850853,46,4,34,48.52420306965762,14.524203069657617,104519,252590,33,721,721
A23KAJRDVCVGOE,FIRSTROUNDFULL,Identity,50,3000,20,1658868930023,27,1658868754463,1,SaidOld,1,23,349.4533333333333,248.12888888888892,3,4,499.5,330.9736862182617,4,6,171.39796563064172,46,4,54,40.023612750885476,-13.976387249114524,107860,256048,97,721,721
A23KAJRDVCVGOE,FIRSTROUNDFULL,Identity,50,3000,21,1658868933482,6,1658868691439,1,SaidNew,0,31,446.17777777777775,328.85333333333335,4,5,-1,-1,-1,-1,-1,46,4,12,-1,-1,111281,258342,66,721,721
A23KAJRDVCVGOE,FIRSTROUNDFULL,Identity,50,3000,22,1658868935275,9,1658868700442,1,SaidOld,1,2,90.28,230.12888888888892,3,1,171.5,502.9736862182617,6,2,284.67696048276633,46,4,18,58.913813459268006,40.913813459268006,113301,262000,23,721,721
A23KAJRDVCVGOE,FIRSTROUNDFULL,Identity,50,3000,23,1658868939435,0,-1,0,SaidNew,1,2,90.28,230.12888888888892,3,1,-1,-1,-1,-1,-1,46,4,-1,-1,-1,117312,264373,79,721,721
A23KAJRDVCVGOE,FIRSTROUNDFULL,Identity,50,3000,24,1658868941306,0,-1,0,SaidNew,1,2,90.28,230.12888888888892,3,1,-1,-1,-1,-1,-1,46,4,-1,-1,-1,119037,266096,82,721,721
A23KAJRDVCVGOE,FIRSTROUNDFULL,Identity,50,3000,25,1658868943028,7,1658868694440,1,SaidOld,1,29,439.17777777777775,140.40444444444447,2,5,541.5,157.97368621826172,2,6,103.81962924707774,46,4,14.000000000000002,45.10035419126328,31.10035419126328,121038,269623,11,721,721
A23KAJRDVCVGOE,FIRSTROUNDFULL,Identity,50,3000,26,1658868947056,0,-1,0,SaidNew,1,29,439.17777777777775,140.40444444444447,2,5,-1,-1,-1,-1,-1,46,4,-1,-1,-1,125319,272379,47,721,721
A23KAJRDVCVGOE,FIRSTROUNDFULL,Identity,50,3000,27,1658868949310,45,1658868808482,1,SaidOld,1,33,431.17777777777775,498.30222222222227,6,5,72.5,491.9736862182617,6,1,358.73360400101683,46,4,90,43.565525383707204,-46.434474616292796,127613,276157,3,721,721
A23KAJRDVCVGOE,FIRSTROUNDFULL,Identity,50,3000,28,1658868953590,0,-1,0,SaidNew,1,33,431.17777777777775,498.30222222222227,6,5,-1,-1,-1,-1,-1,46,4,-1,-1,-1,131269,278329,30,721,721
A23KAJRDVCVGOE,FIRSTROUNDFULL,Identity,50,3000,29,1658868955260,4,1658868685437,1,SaidNew,0,10,158.00444444444446,319.85333333333335,4,2,-1,-1,-1,-1,-1,46,4,8,-1,-1,132798,279858,50,721,721
A23KAJRDVCVGOE,FIRSTROUNDFULL,Identity,50,3000,30,1658868956791,24,1658868745460,1,SaidOld,1,6,90.28,607.0266666666666,7,1,256.5,517.9736862182617,6,3,188.57232492267784,46,4,48,52.892561983471076,4.892561983471076,135015,283370,7,721,721
A23KAJRDVCVGOE,FIRSTROUNDFULL,Identity,50,3000,31,1658868960803,0,-1,0,SaidNew,1,6,90.28,607.0266666666666,7,1,-1,-1,-1,-1,-1,46,4,-1,-1,-1,138911,285971,80,721,721
A23KAJRDVCVGOE,FIRSTROUNDFULL,Identity,50,3000,32,1658868962903,0,-1,0,SaidNew,1,6,90.28,607.0266666666666,7,1,-1,-1,-1,-1,-1,46,4,-1,-1,-1,140295,287355,21,721,721
A23KAJRDVCVGOE,FIRSTROUNDFULL,Identity,50,3000,33,1658868964287,42,1658868799478,1,SaidOld,1,21,360.4533333333333,68.68,1,4,532.5,48.97368621826172,1,6,173.1715747863241,46,4,84,63.518299881936244,-20.481700118063756,142288,291020,42,721,721
A23KAJRDVCVGOE,FIRSTROUNDFULL,Identity,50,3000,34,1658868968455,0,-1,0,SaidNew,1,21,360.4533333333333,68.68,1,4,-1,-1,-1,-1,-1,46,4,-1,-1,-1,146125,293185,14,721,721
A23KAJRDVCVGOE,FIRSTROUNDFULL,Identity,50,3000,35,1658868970118,0,-1,0,SaidNew,1,21,360.4533333333333,68.68,1,4,-1,-1,-1,-1,-1,46,4,-1,-1,-1,148163,295224,84,721,721
A23KAJRDVCVGOE,FIRSTROUNDFULL,Identity,50,3000,36,1658868972158,11,1658868706444,1,SaidNew,0,29,439.17777777777775,140.40444444444447,2,5,-1,-1,-1,-1,-1,46,4,22,-1,-1,149455,296515,98,721,721
A23KAJRDVCVGOE,FIRSTROUNDFULL,Identity,50,3000,37,1658868973448,0,-1,0,SaidNew,1,29,439.17777777777775,140.40444444444447,2,5,-1,-1,-1,-1,-1,46,4,-1,-1,-1,151079,298140,90,721,721
A23KAJRDVCVGOE,FIRSTROUNDFULL,Identity,50,3000,38,1658868975074,0,-1,0,SaidNew,1,29,439.17777777777775,140.40444444444447,2,5,-1,-1,-1,-1,-1,46,4,-1,-1,-1,152518,299578,40,721,721
A23KAJRDVCVGOE,FIRSTROUNDFULL,Identity,50,3000,39,1658868976511,21,1658868736457,1,SaidOld,1,11,178.00444444444446,423.5777777777777,5,2,626.5,433.9736862182617,5,7,448.6160254219518,46,4,42,65.28925619834712,23.28925619834712,154755,302899,8,721,721
A23KAJRDVCVGOE,FIRSTROUNDFULL,Identity,50,3000,40,1658868980332,0,-1,0,SaidNew,1,11,178.00444444444446,423.5777777777777,5,2,-1,-1,-1,-1,-1,46,4,-1,-1,-1,158053,305114,67,721,721
A23KAJRDVCVGOE,FIRSTROUNDFULL,Identity,50,3000,41,1658868982047,32,1658868769469,1,SaidOld,1,4,79.28,418.5777777777777,5,1,114.5,607.9736862182617,7,1,192.64282632373363,46,4,64,53.48288075560803,-10.51711924439197,160286,309849,36,721,721
A23KAJRDVCVGOE,FIRSTROUNDFULL,Identity,50,3000,42,1658868987280,0,-1,0,SaidOld,0,4,79.28,418.5777777777777,5,1,247.5,349.9736862182617,4,3,181.67137853472258,46,4,-1,46.162927981109796,47.162927981109796,165133,313196,78,721,721
A23KAJRDVCVGOE,FIRSTROUNDFULL,Identity,50,3000,43,1658868990629,0,-1,0,SaidNew,1,4,79.28,418.5777777777777,5,1,-1,-1,-1,-1,-1,46,4,-1,-1,-1,168297,315357,27,721,721
A23KAJRDVCVGOE,FIRSTROUNDFULL,Identity,50,3000,44,1658868992288,38,1658868787475,1,SaidOld,1,31,446.17777777777775,328.85333333333335,4,5,497.5,488.9736862182617,6,6,168.144277041537,46,4,76,58.44155844155844,-17.558441558441558,170439,318500,41,721,721
A23KAJRDVCVGOE,FIRSTROUNDFULL,Identity,50,3000,45,1658868995934,0,-1,0,SaidNew,1,31,446.17777777777775,328.85333333333335,4,5,-1,-1,-1,-1,-1,46,4,-1,-1,-1,173745,320805,10,721,721
A23KAJRDVCVGOE,FIRSTROUNDFULL,Identity,50,3000,46,1658868997736,31,1658868766467,1,SaidOld,1,47,616.6266666666667,515.3022222222222,6,7,335.5,153.97368621826172,2,4,457.8105652361864,46,4,62,50.531286894923255,-11.468713105076745,176209,324100,65,721,721
A23KAJRDVCVGOE,FIRSTROUNDFULL,Identity,50,3000,47,1658869001532,3,1658868682436,1,SaidOld,1,8,167.00444444444446,151.40444444444447,2,2,262.5,407.9736862182617,5,3,273.76482052165807,46,4,6,50.531286894923255,44.531286894923255,179174,327176,55,721,721
A23KAJRDVCVGOE,FIRSTROUNDFULL,Identity,50,3000,48,1658869004609,5,1658868688438,1,SaidNew,0,13,163.00444444444446,595.0266666666666,7,2,-1,-1,-1,-1,-1,46,4,10,-1,-1,182254,329315,32,721,721
A23KAJRDVCVGOE,FIRSTROUNDFULL,Identity,50,3000,49,1658869006247,0,-1,0,SaidNew,1,13,163.00444444444446,595.0266666666666,7,2,-1,-1,-1,-1,-1,46,4,-1,-1,-1,184169,331229,89,721,721
A23KAJRDVCVGOE,FIRSTROUNDFULL,Identity,50,3000,50,1658869008162,0,-1,0,SaidNew,1,13,163.00444444444446,595.0266666666666,7,2,-1,-1,-1,-1,-1,46,4,-1,-1,-1,185911,332971,17,721,721
A1Q56N80RJLQ7S,FIRSTROUNDFULL,Identity,50,3000,1,1658868782604,0,-1,0,SaidNew,1,14,409.35555555555555,98.6,1,3,-1,-1,-1,-1,-1,41,9,-1,-1,-1,22093,169158,91,1120,1120,1658868620129,26/07/2022@16,Mozilla/5.0(WindowsNT10.0;Win64;x64)AppleWebKit/537.36(KHTMLlikeGecko)Chrome/103.0.5060.114Safari/537.36,2134,1179,3440,1440,415476
A1Q56N80RJLQ7S,FIRSTROUNDFULL,Identity,50,3000,2,1658868789796,35,1658868722174,1,SaidOld,1,44,950.8666666666666,357.35555555555555,3,7,676.53125,356.75,3,5,274.33608500378585,41,9,70,21.816655282331514,-48.18334471766849,25730,177932,2,1120,1120
A1Q56N80RJLQ7S,FIRSTROUNDFULL,Identity,50,3000,3,1658868799063,0,-1,0,SaidOld,0,44,950.8666666666666,357.35555555555555,3,7,276.53125,357.75,3,2,674.335532029439,41,9,-1,29.558003187613846,30.558003187613846,36394,184582,98,1120,1120
A1Q56N80RJLQ7S,FIRSTROUNDFULL,Identity,50,3000,4,1658868805713,20,1658868677156,1,SaidOld,1,6,131.60000000000002,920.8666666666666,7,1,687.53125,333.75,3,5,808.5576881115782,41,9,40,15.896801001821492,-24.103198998178506,40754,189059,53,1120,1120
A1Q56N80RJLQ7S,FIRSTROUNDFULL,Identity,50,3000,5,1658868810190,43,1658868746184,1,SaidOld,1,0,106.6,98.6,1,1,137.53125,41.75,1,1,64.71989436458081,41,9,86,81.19734744990893,-4.802652550091068,45133,193386,7,1120,1120
A1Q56N80RJLQ7S,FIRSTROUNDFULL,Identity,50,3000,6,1658868814516,0,-1,0,SaidNew,1,0,106.6,98.6,1,1,-1,-1,-1,-1,-1,41,9,-1,-1,-1,48932,195997,100,1120,1120
A1Q56N80RJLQ7S,FIRSTROUNDFULL,Identity,50,3000,7,1658868816632,0,-1,0,SaidNew,1,0,106.6,98.6,1,1,-1,-1,-1,-1,-1,41,9,-1,-1,-1,50737,197802,1,1120,1120
A1Q56N80RJLQ7S,FIRSTROUNDFULL,Identity,50,3000,8,1658868818437,0,-1,0,SaidNew,1,0,106.6,98.6,1,1,-1,-1,-1,-1,-1,41,9,-1,-1,-1,52040,199105,18,1120,1120
A1Q56N80RJLQ7S,FIRSTROUNDFULL,Identity,50,3000,9,1658868819738,21,1658868680157,1,SaidOld,1,29,689.111111111111,242.9777777777778,2,5,632.53125,244.75,2,5,56.60760951460101,41,9,42,44.03887750455374,2.0388775045537386,54047,201780,59,1120,1120
A1Q56N80RJLQ7S,FIRSTROUNDFULL,Identity,50,3000,10,1658868822911,40,1658868737180,1,SaidOld,1,8,248.9777777777778,230.9777777777778,2,2,660.53125,461.75,4,5,471.8390393423907,41,9,80,36.388604280510016,-43.611395719489984,56887,205176,69,1120,1120
A1Q56N80RJLQ7S,FIRSTROUNDFULL,Identity,50,3000,11,1658868826308,25,1658868692162,1,SaidOld,1,28,663.111111111111,94.6,1,5,833.53125,207.75,2,6,204.56281734202878,41,9,50,74.82211976320583,24.822119763205833,60512,208708,62,1120,1120
A1Q56N80RJLQ7S,FIRSTROUNDFULL,Identity,50,3000,12,1658868829838,0,-1,0,SaidNew,1,28,663.111111111111,94.6,1,5,-1,-1,-1,-1,-1,41,9,-1,-1,-1,64010,211075,32,1120,1120
A1Q56N80RJLQ7S,FIRSTROUNDFULL,Identity,50,3000,13,1658868831710,8,1658868641141,1,SaidOld,1,37,803.4888888888888,359.35555555555555,3,6,605.53125,494.75,4,4,239.83094541965067,41,9,16,22.27202868852459,6.272028688524589,66002,214207,13,1120,1120
A1Q56N80RJLQ7S,FIRSTROUNDFULL,Identity,50,3000,14,1658868835337,0,-1,0,SaidNew,1,37,803.4888888888888,359.35555555555555,3,6,-1,-1,-1,-1,-1,41,9,-1,-1,-1,69464,216529,72,1120,1120
A1Q56N80RJLQ7S,FIRSTROUNDFULL,Identity,50,3000,15,1658868837164,14,1658868659149,1,SaidOld,1,12,267.97777777777776,781.4888888888888,6,2,659.53125,601.75,5,5,430.8366161183273,41,9,28.000000000000004,56.78933287795993,28.789332877959925,71508,219633,44,1120,1120
A1Q56N80RJLQ7S,FIRSTROUNDFULL,Identity,50,3000,16,1658868840763,0,-1,0,SaidNew,1,12,267.97777777777776,781.4888888888888,6,2,-1,-1,-1,-1,-1,41,9,-1,-1,-1,74712,221777,4,1120,1120
A1Q56N80RJLQ7S,FIRSTROUNDFULL,Identity,50,3000,17,1658868842410,33,1658868716172,1,SaidOld,1,16,419.35555555555555,387.35555555555555,3,3,269.53125,516.75,4,2,197.96526156952612,41,9,66,27.554360200364297,-38.4456397996357,76677,224559,65,1120,1120
A1Q56N80RJLQ7S,FIRSTROUNDFULL,Identity,50,3000,18,1658868845689,4,1658868629137,1,SaidOld,1,31,683.111111111111,510.73333333333335,4,5,662.53125,225.75,2,5,285.725446821123,41,9,8,42.126309198542806,34.126309198542806,79839,227599,8,1120,1120
A1Q56N80RJLQ7S,FIRSTROUNDFULL,Identity,50,3000,19,1658868848729,0,-1,0,SaidNew,1,31,683.111111111111,510.73333333333335,4,5,-1,-1,-1,-1,-1,41,9,-1,-1,-1,82657,229722,10,1120,1120
A1Q56N80RJLQ7S,FIRSTROUNDFULL,Identity,50,3000,20,1658868850356,41,1658868740182,1,SaidOld,1,28,663.111111111111,94.6,1,5,773.53125,62.75,1,6,114.9218411453695,41,9,82,79.46692850637523,-2.5330714936247745,84566,232490,81,1120,1120
A1Q56N80RJLQ7S,FIRSTROUNDFULL,Identity,50,3000,21,1658868853622,1,1658868620134,1,SaidNew,0,0,106.6,98.6,1,1,-1,-1,-1,-1,-1,41,9,2,-1,-1,87364,234429,24,1120,1120
A1Q56N80RJLQ7S,FIRSTROUNDFULL,Identity,50,3000,22,1658868855059,0,-1,0,SaidNew,1,0,106.6,98.6,1,1,-1,-1,-1,-1,-1,41,9,-1,-1,-1,88827,235892,86,1120,1120
A1Q56N80RJLQ7S,FIRSTROUNDFULL,Identity,50,3000,23,1658868856523,45,1658868752186,1,SaidOld,1,29,689.111111111111,242.9777777777778,2,5,779.53125,383.75,3,6,167.3099520831582,41,9,90,34.02066256830601,-55.97933743169399,90486,238470,60,1120,1120
A1Q56N80RJLQ7S,FIRSTROUNDFULL,Identity,50,3000,24,1658868859603,23,1658868686160,1,SaidNew,0,2,111.6,352.35555555555555,3,1,-1,-1,-1,-1,-1,41,9,46,-1,-1,93482,240547,31,1120,1120
A1Q56N80RJLQ7S,FIRSTROUNDFULL,Identity,50,3000,25,1658868861183,0,-1,0,SaidNew,1,2,111.6,352.35555555555555,3,1,-1,-1,-1,-1,-1,41,9,-1,-1,-1,95055,242120,11,1120,1120
A1Q56N80RJLQ7S,FIRSTROUNDFULL,Identity,50,3000,26,1658868862754,22,1658868683159,1,SaidNew,0,40,821.4888888888888,799.4888888888888,6,6,-1,-1,-1,-1,-1,41,9,44,-1,-1,96468,243533,47,1120,1120
A1Q56N80RJLQ7S,FIRSTROUNDFULL,Identity,50,3000,27,1658868864167,0,-1,0,SaidNew,1,40,821.4888888888888,799.4888888888888,6,6,-1,-1,-1,-1,-1,41,9,-1,-1,-1,98137,245202,90,1120,1120
A1Q56N80RJLQ7S,FIRSTROUNDFULL,Identity,50,3000,28,1658868865835,32,1658868713171,1,SaidNew,0,3,101.6,515.7333333333333,4,1,-1,-1,-1,-1,-1,41,9,64,-1,-1,99576,246641,27,1120,1120
A1Q56N80RJLQ7S,FIRSTROUNDFULL,Identity,50,3000,29,1658868867275,0,-1,0,SaidNew,1,3,101.6,515.7333333333333,4,1,-1,-1,-1,-1,-1,41,9,-1,-1,-1,101225,248290,83,1120,1120
A1Q56N80RJLQ7S,FIRSTROUNDFULL,Identity,50,3000,30,1658868868924,0,-1,0,SaidNew,1,3,101.6,515.7333333333333,4,1,-1,-1,-1,-1,-1,41,9,-1,-1,-1,102952,250017,89,1120,1120
A1Q56N80RJLQ7S,FIRSTROUNDFULL,Identity,50,3000,31,1658868870651,10,1658868647143,1,SaidOld,1,37,803.4888888888888,359.35555555555555,3,6,777.53125,363.75,3,6,26.32698536979238,41,9,20,46.224669854280506,26.224669854280506,104595,252126,64,1120,1120
A1Q56N80RJLQ7S,FIRSTROUNDFULL,Identity,50,3000,32,1658868873256,0,-1,0,SaidNew,1,37,803.4888888888888,359.35555555555555,3,6,-1,-1,-1,-1,-1,41,9,-1,-1,-1,107267,254332,93,1120,1120
A1Q56N80RJLQ7S,FIRSTROUNDFULL,Identity,50,3000,33,1658868874966,0,-1,0,SaidNew,1,37,803.4888888888888,359.35555555555555,3,6,-1,-1,-1,-1,-1,41,9,-1,-1,-1,108800,255865,5,1120,1120
A1Q56N80RJLQ7S,FIRSTROUNDFULL,Identity,50,3000,34,1658868876500,0,-1,0,SaidNew,1,37,803.4888888888888,359.35555555555555,3,6,-1,-1,-1,-1,-1,41,9,-1,-1,-1,110351,257416,22,1120,1120
A1Q56N80RJLQ7S,FIRSTROUNDFULL,Identity,50,3000,35,1658868878049,0,-1,0,SaidNew,1,37,803.4888888888888,359.35555555555555,3,6,-1,-1,-1,-1,-1,41,9,-1,-1,-1,111990,259055,43,1120,1120
A1Q56N80RJLQ7S,FIRSTROUNDFULL,Identity,50,3000,36,1658868879690,0,-1,0,SaidOld,0,37,803.4888888888888,359.35555555555555,3,6,476.53125,406.75,3,4,330.3748340778918,41,9,-1,31.74379553734062,32.74379553734062,113835,261597,76,1120,1120
A1Q56N80RJLQ7S,FIRSTROUNDFULL,Identity,50,3000,37,1658868882727,0,-1,0,SaidNew,1,37,803.4888888888888,359.35555555555555,3,6,-1,-1,-1,-1,-1,41,9,-1,-1,-1,116657,263722,16,1120,1120
A1Q56N80RJLQ7S,FIRSTROUNDFULL,Identity,50,3000,38,1658868884355,46,1658868755187,1,SaidOld,1,35,821.4888888888888,98.6,1,6,518.53125,206.75,2,4,321.6826906458138,41,9,92,67.17184653916212,-24.828153460837882,118478,266117,95,1120,1120
A1Q56N80RJLQ7S,FIRSTROUNDFULL,Identity,50,3000,39,1658868887248,0,-1,0,SaidNew,1,35,821.4888888888888,98.6,1,6,-1,-1,-1,-1,-1,41,9,-1,-1,-1,121194,268259,37,1120,1120
A1Q56N80RJLQ7S,FIRSTROUNDFULL,Identity,50,3000,40,1658868888892,0,-1,0,SaidNew,1,35,821.4888888888888,98.6,1,6,-1,-1,-1,-1,-1,41,9,-1,-1,-1,122477,269542,34,1120,1120
A1Q56N80RJLQ7S,FIRSTROUNDFULL,Identity,50,3000,41,1658868890176,0,-1,0,SaidNew,1,35,821.4888888888888,98.6,1,6,-1,-1,-1,-1,-1,41,9,-1,-1,-1,123961,271027,6,1120,1120
A1Q56N80RJLQ7S,FIRSTROUNDFULL,Identity,50,3000,42,1658868891660,28,1658868701166,1,SaidOld,1,35,821.4888888888888,98.6,1,6,688.53125,96.75,1,5,132.9705089067052,41,9,56.00000000000001,60.7055441712204,4.705544171220396,125851,273430,54,1120,1120
A1Q56N80RJLQ7S,FIRSTROUNDFULL,Identity,50,3000,43,1658868894561,50,1658868767194,1,SaidOld,1,14,409.35555555555555,98.6,1,3,294.53125,360.75,3,2,286.1944158195886,41,9,100,20.086236338797814,-79.91376366120218,128627,276234,17,1120,1120
A1Q56N80RJLQ7S,FIRSTROUNDFULL,Identity,50,3000,44,1658868897366,0,-1,0,SaidNew,1,14,409.35555555555555,98.6,1,3,-1,-1,-1,-1,-1,41,9,-1,-1,-1,131278,278343,46,1120,1120
A1Q56N80RJLQ7S,FIRSTROUNDFULL,Identity,50,3000,45,1658868898978,6,1658868635139,1,SaidOld,1,1,105.6,211.9777777777778,2,1,256.53125,84.75,1,2,197.40098699052675,41,9,12,63.89315801457195,51.89315801457195,133090,280671,88,1120,1120
A1Q56N80RJLQ7S,FIRSTROUNDFULL,Identity,50,3000,46,1658868901801,0,-1,0,SaidNew,1,1,105.6,211.9777777777778,2,1,-1,-1,-1,-1,-1,41,9,-1,-1,-1,135589,282654,14,1120,1120
A1Q56N80RJLQ7S,FIRSTROUNDFULL,Identity,50,3000,47,1658868903289,0,-1,0,SaidNew,1,1,105.6,211.9777777777778,2,1,-1,-1,-1,-1,-1,41,9,-1,-1,-1,137258,284323,42,1120,1120
A1Q56N80RJLQ7S,FIRSTROUNDFULL,Identity,50,3000,48,1658868904957,2,1658868623135,1,SaidOld,1,34,692.111111111111,928.8666666666666,7,5,50.53125,487.75,4,0,778.5940096060741,41,9,4,74.0935223132969,70.0935223132969,139059,286879,92,1120,1120
A1Q56N80RJLQ7S,FIRSTROUNDFULL,Identity,50,3000,49,1658868908010,0,-1,0,SaidNew,1,34,692.111111111111,928.8666666666666,7,5,-1,-1,-1,-1,-1,41,9,-1,-1,-1,142039,289104,99,1120,1120
A1Q56N80RJLQ7S,FIRSTROUNDFULL,Identity,50,3000,50,1658868909738,0,-1,0,SaidNew,1,34,692.111111111111,928.8666666666666,7,5,-1,-1,-1,-1,-1,41,9,-1,-1,-1,143654,290719,50,1120,1120
A2G43KS55YGYQE,FIRSTROUNDFULL,Identity,50,3000,1,1658868908612,30,1658868833802,1,SaidOld,1,34,401.1047619047618,549.4799999999999,7,5,74.71249389648438,374.11249923706055,5,1,370.52081309884164,43,7,60,52.81814667115729,-7.181853328842713,16169,168402,64,678,678,1658868746392,26/07/2022@16,Mozilla/5.0(WindowsNT10.0;Win64;x64)AppleWebKit/537.36(KHTMLlikeGecko)Chrome/103.0.0.0Safari/537.36,1536,714,1536,864,518173
A2G43KS55YGYQE,FIRSTROUNDFULL,Identity,50,3000,2,1658868915800,0,-1,0,SaidNew,1,34,401.1047619047618,549.4799999999999,7,5,-1,-1,-1,-1,-1,43,7,-1,-1,-1,24579,172264,61,678,678
A2G43KS55YGYQE,FIRSTROUNDFULL,Identity,50,3000,3,1658868919159,32,1658868839823,1,SaidOld,1,46,592.8514285714284,384.73333333333323,5,7,604.7124938964844,482.11249923706055,6,7,98.09886249468387,43,7,64,51.01091775549463,-12.989082244505369,27576,178939,8,678,678
A2G43KS55YGYQE,FIRSTROUNDFULL,Identity,50,3000,4,1658868926334,24,1658868815712,1,SaidOld,1,30,400.1047619047618,211.98666666666668,3,5,78.71249389648438,298.11249923706055,4,1,332.73209789776513,43,7,48,57.486821369952466,9.486821369952466,34166,184685,93,678,678
A2G43KS55YGYQE,FIRSTROUNDFULL,Identity,50,3000,5,1658868932078,29,1658868830792,1,SaidOld,1,3,71.61142857142856,304.3599999999999,4,1,79.71249389648438,462.11249923706055,6,1,157.96036931755904,43,7,57.99999999999999,30.227785225374156,-27.772214774625837,40764,190734,75,678,678
A2G43KS55YGYQE,FIRSTROUNDFULL,Identity,50,3000,6,1658868938128,2,1658868749406,1,SaidNew,0,11,165.9847619047619,383.73333333333323,5,2,-1,-1,-1,-1,-1,43,7,4,-1,-1,45405,193089,66,678,678
A2G43KS55YGYQE,FIRSTROUNDFULL,Identity,50,3000,7,1658868939999,25,1658868818732,1,SaidOld,1,31,403.1047619047618,305.3599999999999,4,5,343.7124938964844,542.1124992370605,7,4,244.08848271510368,43,7,50,32.788026189229576,-17.211973810770424,48609,199020,63,678,678
A2G43KS55YGYQE,FIRSTROUNDFULL,Identity,50,3000,8,1658868946414,0,-1,0,SaidNew,1,31,403.1047619047618,305.3599999999999,4,5,-1,-1,-1,-1,-1,43,7,-1,-1,-1,54976,202660,30,678,678
A2G43KS55YGYQE,FIRSTROUNDFULL,Identity,50,3000,9,1658868949555,0,-1,0,SaidNew,1,31,403.1047619047618,305.3599999999999,4,5,-1,-1,-1,-1,-1,43,7,-1,-1,-1,56774,204458,88,678,678
A2G43KS55YGYQE,FIRSTROUNDFULL,Identity,50,3000,10,1658868951359,0,-1,0,SaidNew,1,31,403.1047619047618,305.3599999999999,4,5,-1,-1,-1,-1,-1,43,7,-1,-1,-1,58562,206246,4,678,678
A2G43KS55YGYQE,FIRSTROUNDFULL,Identity,50,3000,11,1658868953159,15,1658868788573,1,SaidOld,1,18,237.35809523809525,386.73333333333323,5,3,242.71249389648438,319.11249923706055,4,3,67.8324906580069,43,7,30,38.20971293621753,8.209712936217528,60608,211350,31,678,678
A2G43KS55YGYQE,FIRSTROUNDFULL,Identity,50,3000,12,1658868958760,31,1658868836812,1,SaidOld,1,17,245.35809523809525,320.3599999999999,4,3,414.7124938964844,468.11249923706055,6,5,224.74811095033078,43,7,62,29.022965948265718,-32.97703405173428,66585,216128,59,678,678
A2G43KS55YGYQE,FIRSTROUNDFULL,Identity,50,3000,13,1658868963521,0,-1,0,SaidNew,1,17,245.35809523809525,320.3599999999999,4,3,-1,-1,-1,-1,-1,43,7,-1,-1,-1,70999,218684,95,678,678
A2G43KS55YGYQE,FIRSTROUNDFULL,Identity,50,3000,14,1658868965579,0,-1,0,SaidNew,1,17,245.35809523809525,320.3599999999999,4,3,-1,-1,-1,-1,-1,43,7,-1,-1,-1,72765,220450,76,678,678
A2G43KS55YGYQE,FIRSTROUNDFULL,Identity,50,3000,15,1658868967359,44,1658868875993,1,SaidOld,1,6,76.61142857142856,561.4799999999999,7,1,59.712493896484375,557.1124992370605,7,1,17.454198808948718,43,7,88,40.016941851880176,-47.983058148119824,74928,224586,21,678,678
A2G43KS55YGYQE,FIRSTROUNDFULL,Identity,50,3000,16,1658868971981,9,1658868770494,1,SaidOld,1,41,488.4780952380952,561.4799999999999,7,6,423.7124938964844,293.11249923706055,4,5,276.0719083552086,43,7,18,57.0350141410368,39.0350141410368,79404,228256,78,678,678
A2G43KS55YGYQE,FIRSTROUNDFULL,Identity,50,3000,17,1658868975659,43,1658868872976,1,SaidOld,1,23,338.7314285714285,219.98666666666668,3,4,162.71249389648438,233.11249923706055,3,2,176.507656617973,43,7,86,54.474773177181376,-31.525226822818624,83608,233463,94,678,678
A2G43KS55YGYQE,FIRSTROUNDFULL,Identity,50,3000,18,1658868980857,40,1658868863926,1,SaidOld,1,39,496.4780952380952,382.73333333333323,5,6,456.7124938964844,217.11249923706055,3,6,170.32781257564778,43,7,80,61.10127920127777,-18.89872079872223,89000,238085,92,678,678
A2G43KS55YGYQE,FIRSTROUNDFULL,Identity,50,3000,19,1658868985491,0,-1,0,SaidNew,1,39,496.4780952380952,382.73333333333323,5,6,-1,-1,-1,-1,-1,43,7,-1,-1,-1,93012,240696,6,678,678
A2G43KS55YGYQE,FIRSTROUNDFULL,Identity,50,3000,20,1658868987600,38,1658868857908,1,SaidOld,1,23,338.7314285714285,219.98666666666668,3,4,342.7124938964844,226.11249923706055,3,4,7.305799463635749,43,7,76,43.78200209284403,-32.21799790715597,95032,244367,79,678,678
A2G43KS55YGYQE,FIRSTROUNDFULL,Identity,50,3000,21,1658868991761,42,1658868869967,1,SaidOld,1,2,82.61142857142856,228.98666666666668,3,1,85.71249389648438,205.11249923706055,3,1,24.074726926948305,43,7,84,26.312122574771745,-57.68787742522825,99052,248812,54,678,678
A2G43KS55YGYQE,FIRSTROUNDFULL,Identity,50,3000,22,1658868996206,0,-1,0,SaidNew,1,2,82.61142857142856,228.98666666666668,3,1,-1,-1,-1,-1,-1,43,7,-1,-1,-1,103676,251360,83,678,678
A2G43KS55YGYQE,FIRSTROUNDFULL,Identity,50,3000,23,1658868998254,0,-1,0,SaidNew,1,2,82.61142857142856,228.98666666666668,3,1,-1,-1,-1,-1,-1,43,7,-1,-1,-1,105332,253016,96,678,678
A2G43KS55YGYQE,FIRSTROUNDFULL,Identity,50,3000,24,1658868999921,0,-1,0,SaidNew,1,2,82.61142857142856,228.98666666666668,3,1,-1,-1,-1,-1,-1,43,7,-1,-1,-1,107037,254721,90,678,678
A2G43KS55YGYQE,FIRSTROUNDFULL,Identity,50,3000,25,1658869001621,0,-1,0,SaidNew,1,2,82.61142857142856,228.98666666666668,3,1,-1,-1,-1,-1,-1,43,7,-1,-1,-1,109252,256937,85,678,678
A2G43KS55YGYQE,FIRSTROUNDFULL,Identity,50,3000,26,1658869003840,0,-1,0,SaidNew,1,2,82.61142857142856,228.98666666666668,3,1,-1,-1,-1,-1,-1,43,7,-1,-1,-1,110802,258486,32,678,678
A2G43KS55YGYQE,FIRSTROUNDFULL,Identity,50,3000,27,1658869005381,41,1658868866947,1,SaidOld,1,38,503.4780952380952,313.3599999999999,4,6,523.7124938964844,298.11249923706055,4,6,25.336084318269428,43,7,82,24.65549606874765,-57.34450393125235,112916,262653,45,678,678
A2G43KS55YGYQE,FIRSTROUNDFULL,Identity,50,3000,28,1658869010046,11,1658868776505,1,SaidOld,1,10,151.98476190476188,320.3599999999999,4,2,68.71249389648438,109.11249923706055,2,1,227.067781065105,43,7,22,56.28200209284403,34.28200209284403,118166,267477,81,678,678
A2G43KS55YGYQE,FIRSTROUNDFULL,Identity,50,3000,29,1658869014870,49,1658868891057,1,SaidOld,1,48,580.8514285714284,561.4799999999999,7,7,549.7124938964844,552.1124992370605,7,7,32.517431067569,43,7,98,74.80609847838619,-23.19390152161381,122332,272016,44,678,678
A2G43KS55YGYQE,FIRSTROUNDFULL,Identity,50,3000,30,1658869019410,0,-1,0,SaidNew,1,48,580.8514285714284,561.4799999999999,7,7,-1,-1,-1,-1,-1,43,7,-1,-1,-1,128652,276337,62,678,678
A2G43KS55YGYQE,FIRSTROUNDFULL,Identity,50,3000,31,1658869023243,0,-1,0,SaidNew,1,48,580.8514285714284,561.4799999999999,7,7,-1,-1,-1,-1,-1,43,7,-1,-1,-1,132006,279690,39,678,678
A2G43KS55YGYQE,FIRSTROUNDFULL,Identity,50,3000,32,1658869026584,46,1658868882007,1,SaidOld,1,2,82.61142857142856,228.98666666666668,3,1,157.71249389648438,385.11249923706055,5,2,173.2496626512068,43,7,92,42.727785225374156,-49.272214774625844,134461,283787,99,678,678
A2G43KS55YGYQE,FIRSTROUNDFULL,Identity,50,3000,33,1658869031183,0,-1,0,SaidNew,1,2,82.61142857142856,228.98666666666668,3,1,-1,-1,-1,-1,-1,43,7,-1,-1,-1,138356,286040,34,678,678
A2G43KS55YGYQE,FIRSTROUNDFULL,Identity,50,3000,34,1658869032939,1,1658868746398,1,SaidOld,1,37,484.4780952380952,222.98666666666668,3,6,478.7124938964844,486.11249923706055,6,6,263.18899278786967,43,7,2,5.679592454289815,3.679592454289815,140772,290248,25,678,678
A2G43KS55YGYQE,FIRSTROUNDFULL,Identity,50,3000,35,1658869037641,0,-1,0,SaidNew,1,37,484.4780952380952,222.98666666666668,3,6,-1,-1,-1,-1,-1,43,7,-1,-1,-1,145056,292740,36,678,678
A2G43KS55YGYQE,FIRSTROUNDFULL,Identity,50,3000,36,1658869039653,7,1658868764481,1,SaidOld,1,25,325.7314285714285,403.73333333333323,5,4,490.7124938964844,393.11249923706055,5,6,165.32257568974327,43,7,14.000000000000002,40.46874908079584,26.46874908079584,147697,296450,52,678,678
A2G43KS55YGYQE,FIRSTROUNDFULL,Identity,50,3000,37,1658869043843,48,1658868888036,1,SaidOld,1,27,326.7314285714285,547.4799999999999,7,4,323.7124938964844,550.1124992370605,7,4,4.005498571302328,43,7,96,83.54103823742236,-12.458961762577644,151197,300532,57,678,678
A2G43KS55YGYQE,FIRSTROUNDFULL,Identity,50,3000,38,1658869047925,0,-1,0,SaidNew,1,27,326.7314285714285,547.4799999999999,7,4,-1,-1,-1,-1,-1,43,7,-1,-1,-1,155085,302770,58,678,678
A2G43KS55YGYQE,FIRSTROUNDFULL,Identity,50,3000,39,1658869049683,0,-1,0,SaidNew,1,27,326.7314285714285,547.4799999999999,7,4,-1,-1,-1,-1,-1,43,7,-1,-1,-1,156898,304582,47,678,678
A2G43KS55YGYQE,FIRSTROUNDFULL,Identity,50,3000,40,1658869051483,0,-1,0,SaidNew,1,27,326.7314285714285,547.4799999999999,7,4,-1,-1,-1,-1,-1,43,7,-1,-1,-1,158717,306402,46,678,678
A2G43KS55YGYQE,FIRSTROUNDFULL,Identity,50,3000,41,1658869053303,36,1658868851885,1,SaidOld,1,21,323.7314285714285,59.239999999999995,1,4,314.7124938964844,41.11249923706055,1,4,20.24715946944855,43,7,72,42.5771828157356,-29.422817184264403,160708,309708,82,678,678
A2G43KS55YGYQE,FIRSTROUNDFULL,Identity,50,3000,42,1658869057101,0,-1,0,SaidNew,1,21,323.7314285714285,59.239999999999995,1,4,-1,-1,-1,-1,-1,43,7,-1,-1,-1,165386,313070,37,678,678
A2G43KS55YGYQE,FIRSTROUNDFULL,Identity,50,3000,43,1658869059972,6,1658868761464,1,SaidOld,1,10,151.98476190476188,320.3599999999999,4,2,252.71249389648438,401.11249923706055,5,3,129.10089901014538,43,7,12,54.02296594826572,42.02296594826572,168289,317290,100,678,678
A2G43KS55YGYQE,FIRSTROUNDFULL,Identity,50,3000,44,1658869064683,8,1658868767490,1,SaidNew,0,8,148.98476190476188,146.61333333333332,2,2,-1,-1,-1,-1,-1,43,7,16,-1,-1,172177,319862,18,678,678
A2G43KS55YGYQE,FIRSTROUNDFULL,Identity,50,3000,45,1658869066762,37,1658868854895,1,SaidOld,1,2,82.61142857142856,228.98666666666668,3,1,63.712493896484375,238.11249923706055,3,1,20.986913826255382,43,7,74,28.26995390007295,-45.73004609992705,174415,324346,53,678,678
A2G43KS55YGYQE,FIRSTROUNDFULL,Identity,50,3000,46,1658869071744,0,-1,0,SaidNew,1,2,82.61142857142856,228.98666666666668,3,1,-1,-1,-1,-1,-1,43,7,-1,-1,-1,178961,326645,26,678,678
A2G43KS55YGYQE,FIRSTROUNDFULL,Identity,50,3000,47,1658869073542,0,-1,0,SaidNew,1,2,82.61142857142856,228.98666666666668,3,1,-1,-1,-1,-1,-1,43,7,-1,-1,-1,181121,328805,1,678,678
A2G43KS55YGYQE,FIRSTROUNDFULL,Identity,50,3000,48,1658869075702,0,-1,0,SaidNew,1,2,82.61142857142856,228.98666666666668,3,1,-1,-1,-1,-1,-1,43,7,-1,-1,-1,183058,330742,73,678,678
A2G43KS55YGYQE,FIRSTROUNDFULL,Identity,50,3000,49,1658869077652,0,-1,0,SaidNew,1,2,82.61142857142856,228.98666666666668,3,1,-1,-1,-1,-1,-1,43,7,-1,-1,-1,185141,332825,89,678,678
A2G43KS55YGYQE,FIRSTROUNDFULL,Identity,50,3000,50,1658869079732,0,-1,0,SaidNew,1,2,82.61142857142856,228.98666666666668,3,1,-1,-1,-1,-1,-1,43,7,-1,-1,-1,187032,334716,86,678,678
A3C3Q963MQDPGT,FIRSTROUNDFULL,Identity,50,3000,1,1658872681308,0,-1,0,SaidOld,0,35,674.7530158730159,58.88000000000002,1,6,673.0375061035156,180.8874969482422,2,6,122.0195569789719,44,6,-1,11.650336629732992,12.650336629732992,38167,191465,10,911,912,1658872509004,26/07/2022@17,Mozilla/5.0(WindowsNT10.0;Win64;x64)AppleWebKit/537.36(KHTMLlikeGecko)Chrome/97.0.4692.99Safari/537.36Edg/97.0.1072.69,1832,959,2752,1152,433899
A3C3Q963MQDPGT,FIRSTROUNDFULL,Identity,50,3000,2,1658872701472,0,-1,0,SaidOld,0,35,674.7530158730159,58.88000000000002,1,6,356.0375061035156,163.8874969482422,2,3,335.5683992615626,44,6,-1,35.50252028034889,36.50252028034889,47691,196228,55,911,912
A3C3Q963MQDPGT,FIRSTROUNDFULL,Identity,50,3000,3,1658872706237,7,1658872527035,1,SaidOld,1,28,543.3841269841271,69.88000000000002,1,5,234.03750610351562,95.88749694824219,1,2,310.43795152617145,44,6,14.000000000000002,40.76567817508573,26.765678175085732,51610,200982,46,911,912
A3C3Q963MQDPGT,FIRSTROUNDFULL,Identity,50,3000,4,1658872710990,0,-1,0,SaidOld,0,28,543.3841269841271,69.88000000000002,1,5,674.0375061035156,529.8874969482422,5,6,478.2020521954101,44,6,-1,51.739922296026386,52.739922296026386,56426,204561,21,911,912
A3C3Q963MQDPGT,FIRSTROUNDFULL,Identity,50,3000,5,1658872714567,0,-1,0,SaidNew,1,28,543.3841269841271,69.88000000000002,1,5,-1,-1,-1,-1,-1,44,6,-1,-1,-1,59290,206680,18,911,912
A3C3Q963MQDPGT,FIRSTROUNDFULL,Identity,50,3000,6,1658872716185,31,1658872599232,1,SaidOld,1,9,220.27746031746034,302.6177777777778,3,2,233.03750610351562,180.8874969482422,2,2,122.39722235124388,44,6,62,62.26623808550007,0.26623808550007055,61385,209847,87,911,912
A3C3Q963MQDPGT,FIRSTROUNDFULL,Identity,50,3000,7,1658872719852,17,1658872557112,1,SaidOld,1,3,93.90857142857143,426.9866666666667,4,1,216.03750610351562,528.8874969482422,5,2,159.0573981206509,44,6,34,26.87989989960981,-7.120100100390189,65117,213409,74,911,912
A3C3Q963MQDPGT,FIRSTROUNDFULL,Identity,50,3000,8,1658872723420,48,1658872650380,1,SaidOld,1,40,657.7530158730159,630.7244444444444,6,6,690.0375061035156,771.8874969482422,7,6,144.80778881549568,44,6,96,31.247201131412723,-64.75279886858728,68707,216789,69,911,912
A3C3Q963MQDPGT,FIRSTROUNDFULL,Identity,50,3000,9,1658872726794,0,-1,0,SaidNew,1,40,657.7530158730159,630.7244444444444,6,6,-1,-1,-1,-1,-1,44,6,-1,-1,-1,73072,220463,38,911,912
A3C3Q963MQDPGT,FIRSTROUNDFULL,Identity,50,3000,10,1658872729968,0,-1,0,SaidNew,1,40,657.7530158730159,630.7244444444444,6,6,-1,-1,-1,-1,-1,44,6,-1,-1,-1,74534,221924,90,911,912
A3C3Q963MQDPGT,FIRSTROUNDFULL,Identity,50,3000,11,1658872731430,0,-1,0,SaidNew,1,40,657.7530158730159,630.7244444444444,6,6,-1,-1,-1,-1,-1,44,6,-1,-1,-1,76094,223485,1,911,912
A3C3Q963MQDPGT,FIRSTROUNDFULL,Identity,50,3000,13,1658872734434,22,1658872572154,1,SaidNew,0,38,665.7530158730159,410.9866666666667,4,6,-1,-1,-1,-1,-1,44,6,44,-1,-1,78995,226386,27,911,912
A3C3Q963MQDPGT,FIRSTROUNDFULL,Identity,50,3000,12,1658872732990,0,-1,0,SaidNew,1,40,657.7530158730159,630.7244444444444,6,6,-1,-1,-1,-1,-1,44,6,-1,-1,-1,77538,224929,56,911,912
A3C3Q963MQDPGT,FIRSTROUNDFULL,Identity,50,3000,14,1658872735890,10,1658872536060,1,SaidOld,1,13,213.27746031746034,753.0933333333334,7,2,681.0375061035156,630.8874969482422,6,6,483.46016059273404,44,6,20,10.194569552465357,-9.805430447534643,80995,229218,79,911,912
A3C3Q963MQDPGT,FIRSTROUNDFULL,Identity,50,3000,15,1658872739223,43,1658872635345,1,SaidOld,1,27,426.01523809523815,746.0933333333334,7,4,288.0375061035156,310.8874969482422,3,3,456.5544595655882,44,6,86,36.958287357616534,-49.041712642383466,84003,232179,23,911,912
A3C3Q963MQDPGT,FIRSTROUNDFULL,Identity,50,3000,16,1658872742184,24,1658872578161,1,SaidOld,1,11,206.27746031746034,528.3555555555556,5,2,436.0375061035156,283.8874969482422,3,4,335.4911478993732,44,6,48,62.49020225123355,14.490202251233548,86802,235361,28,911,912
A3C3Q963MQDPGT,FIRSTROUNDFULL,Identity,50,3000,17,1658872745369,49,1658872653393,1,SaidOld,1,47,778.1219047619048,636.7244444444444,6,7,681.0375061035156,156.8874969482422,2,6,489.5598805512296,44,6,98,65.0657901571686,-32.93420984283139,90127,238100,85,911,912
A3C3Q963MQDPGT,FIRSTROUNDFULL,Identity,50,3000,18,1658872748120,0,-1,0,SaidOld,0,47,778.1219047619048,636.7244444444444,6,7,894.0375061035156,284.8874969482422,3,8,370.43982542085377,44,6,-1,67.97732431170388,68.97732431170388,92807,242389,24,911,912
A3C3Q963MQDPGT,FIRSTROUNDFULL,Identity,50,3000,19,1658872752394,0,-1,0,SaidOld,0,47,778.1219047619048,636.7244444444444,6,7,651.0375061035156,576.8874969482422,5,6,140.46673865377403,44,6,-1,21.50475992200623,22.50475992200623,97441,245595,52,911,912
A3C3Q963MQDPGT,FIRSTROUNDFULL,Identity,50,3000,20,1658872755600,12,1658872542087,1,SaidOld,1,29,539.3841269841271,176.2488888888889,2,5,587.0375061035156,400.8874969482422,4,5,229.63742894471693,44,6,24,50.39613730162549,26.396137301625487,100892,249370,49,911,912
A3C3Q963MQDPGT,FIRSTROUNDFULL,Identity,50,3000,21,1658872759375,0,-1,0,SaidNew,1,29,539.3841269841271,176.2488888888889,2,5,-1,-1,-1,-1,-1,44,6,-1,-1,-1,104310,251700,35,911,912
A3C3Q963MQDPGT,FIRSTROUNDFULL,Identity,50,3000,22,1658872761205,25,1658872581174,1,SaidOld,1,27,426.01523809523815,746.0933333333334,7,4,216.03750610351562,503.8874969482422,5,2,320.553139294235,44,6,50,21.50475992200623,-28.49524007799377,106188,254252,82,911,912
A3C3Q963MQDPGT,FIRSTROUNDFULL,Identity,50,3000,23,1658872764256,0,-1,0,SaidOld,0,27,426.01523809523815,746.0933333333334,7,4,482.0375061035156,512.8874969482422,5,4,239.84048164740912,44,6,-1,43.45324816388752,44.45324816388752,108963,256837,61,911,912
A3C3Q963MQDPGT,FIRSTROUNDFULL,Identity,50,3000,24,1658872766843,36,1658872614279,1,SaidOld,1,36,672.7530158730159,182.2488888888889,2,6,538.0375061035156,138.8874969482422,2,5,141.5220084774333,44,6,72,54.31551020196144,-17.684489798038562,111714,259478,25,911,912
A3C3Q963MQDPGT,FIRSTROUNDFULL,Identity,50,3000,25,1658872769484,37,1658872617295,1,SaidNew,0,46,764.1219047619048,517.3555555555556,5,7,-1,-1,-1,-1,-1,44,6,74,-1,-1,114407,261797,33,911,912
A3C3Q963MQDPGT,FIRSTROUNDFULL,Identity,50,3000,26,1658872771303,0,-1,0,SaidNew,1,46,764.1219047619048,517.3555555555556,5,7,-1,-1,-1,-1,-1,44,6,-1,-1,-1,116000,263390,39,911,912
A3C3Q963MQDPGT,FIRSTROUNDFULL,Identity,50,3000,27,1658872772895,9,1658872533058,1,SaidOld,1,38,665.7530158730159,410.9866666666667,4,6,773.0375061035156,445.8874969482422,4,7,112.81857027263521,44,6,18,19.713046596138366,1.7130465961383656,117874,265980,26,911,912
A3C3Q963MQDPGT,FIRSTROUNDFULL,Identity,50,3000,28,1658872775985,20,1658872566137,1,SaidOld,1,9,220.27746031746034,302.6177777777778,3,2,249.03750610351562,284.8874969482422,3,2,33.786137570166176,44,6,40,65.96164682010254,25.961646820102544,120997,269608,45,911,912
A3C3Q963MQDPGT,FIRSTROUNDFULL,Identity,50,3000,29,1658872779613,0,-1,0,SaidOld,0,9,220.27746031746034,302.6177777777778,3,2,570.0375061035156,172.8874969482422,2,5,373.0442807393965,44,6,-1,67.97732431170388,68.97732431170388,124337,273026,16,911,912
A3C3Q963MQDPGT,FIRSTROUNDFULL,Identity,50,3000,30,1658872783031,29,1658872593221,1,SaidNew,0,5,95.90857142857143,638.7244444444444,6,1,-1,-1,-1,-1,-1,44,6,57.99999999999999,-1,-1,127378,274768,36,911,912
A3C3Q963MQDPGT,FIRSTROUNDFULL,Identity,50,3000,31,1658872784273,16,1658872554102,1,SaidOld,1,33,564.3841269841271,631.7244444444444,6,5,526.0375061035156,388.8874969482422,4,5,245.8459810577237,44,6,32,25.98404323667588,-6.0159567633241195,128988,276922,93,911,912
A3C3Q963MQDPGT,FIRSTROUNDFULL,Identity,50,3000,32,1658872786927,0,-1,0,SaidOld,0,33,564.3841269841271,631.7244444444444,6,5,569.0375061035156,171.8874969482422,2,5,459.8604921276167,44,6,-1,45.916853986955836,46.916853986955836,131807,279802,63,911,912
A3C3Q963MQDPGT,FIRSTROUNDFULL,Identity,50,3000,33,1658872789808,0,-1,0,SaidNew,1,33,564.3841269841271,631.7244444444444,6,5,-1,-1,-1,-1,-1,44,6,-1,-1,-1,134528,281918,71,911,912
A3C3Q963MQDPGT,FIRSTROUNDFULL,Identity,50,3000,34,1658872791422,41,1658872629326,1,SaidOld,1,37,667.7530158730159,316.6177777777778,3,6,667.0375061035156,179.8874969482422,2,6,136.7321529485802,44,6,82,82.64697716724699,0.6469771672469875,136423,284702,64,911,912
A3C3Q963MQDPGT,FIRSTROUNDFULL,Identity,50,3000,35,1658872794707,23,1658872575159,1,SaidOld,1,2,96.90857142857143,286.6177777777778,3,1,421.0375061035156,182.8874969482422,2,4,340.3226960613831,44,6,46,64.28191557710142,18.281915577101415,139456,287306,78,911,912
A3C3Q963MQDPGT,FIRSTROUNDFULL,Identity,50,3000,36,1658872797311,2,1658872512009,1,SaidOld,1,47,778.1219047619048,636.7244444444444,6,7,412.0375061035156,176.8874969482422,2,4,587.7650935736993,44,6,4,53.97956395336121,49.97956395336121,142113,289866,84,911,912
A3C3Q963MQDPGT,FIRSTROUNDFULL,Identity,50,3000,37,1658872799871,5,1658872521020,1,SaidOld,1,24,448.01523809523815,396.9866666666667,4,4,315.0375061035156,588.8874969482422,6,3,233.47163825274458,44,6,10,20.6089032590723,10.6089032590723,145557,293621,6,911,912
A3C3Q963MQDPGT,FIRSTROUNDFULL,Identity,50,3000,38,1658872803625,0,-1,0,SaidNew,1,24,448.01523809523815,396.9866666666667,4,4,-1,-1,-1,-1,-1,44,6,-1,-1,-1,148266,295656,67,911,912
A3C3Q963MQDPGT,FIRSTROUNDFULL,Identity,50,3000,39,1658872805162,0,-1,0,SaidNew,1,24,448.01523809523815,396.9866666666667,4,4,-1,-1,-1,-1,-1,44,6,-1,-1,-1,149698,297088,30,911,912
A3C3Q963MQDPGT,FIRSTROUNDFULL,Identity,50,3000,40,1658872806594,0,-1,0,SaidNew,1,24,448.01523809523815,396.9866666666667,4,4,-1,-1,-1,-1,-1,44,6,-1,-1,-1,151626,299016,68,911,912
A3C3Q963MQDPGT,FIRSTROUNDFULL,Identity,50,3000,41,1658872808522,28,1658872590208,1,SaidOld,1,13,213.27746031746034,753.0933333333334,7,2,251.03750610351562,667.8874969482422,6,2,93.19793780898759,44,6,56.00000000000001,61.70632767116636,5.706327671166356,153448,302041,40,911,912
A3C3Q963MQDPGT,FIRSTROUNDFULL,Identity,50,3000,42,1658872812046,0,-1,0,SaidNew,1,13,213.27746031746034,753.0933333333334,7,2,-1,-1,-1,-1,-1,44,6,-1,-1,-1,156641,304031,42,911,912
A3C3Q963MQDPGT,FIRSTROUNDFULL,Identity,50,3000,43,1658872813546,1,1658872509008,1,SaidOld,1,40,657.7530158730159,630.7244444444444,6,6,567.0375061035156,415.8874969482422,4,5,233.20424036073243,44,6,2,46.14081815268932,44.14081815268932,158342,306359,75,911,912
A3C3Q963MQDPGT,FIRSTROUNDFULL,Identity,50,3000,44,1658872816364,0,-1,0,SaidNew,1,40,657.7530158730159,630.7244444444444,6,6,-1,-1,-1,-1,-1,44,6,-1,-1,-1,160893,308284,66,911,912
A3C3Q963MQDPGT,FIRSTROUNDFULL,Identity,50,3000,45,1658872817789,0,-1,0,SaidOld,0,40,657.7530158730159,630.7244444444444,6,6,466.0375061035156,188.8874969482422,2,4,481.6375451093292,44,6,-1,43.677212329621014,44.677212329621014,162467,310464,29,911,912
A3C3Q963MQDPGT,FIRSTROUNDFULL,Identity,50,3000,46,1658872820469,0,-1,0,SaidOld,0,40,657.7530158730159,630.7244444444444,6,6,401.0375061035156,311.8874969482422,3,4,409.3407529734981,44,6,-1,67.7533601459704,68.7533601459704,164225,313267,60,911,912
A3C3Q963MQDPGT,FIRSTROUNDFULL,Identity,50,3000,47,1658872823272,0,-1,0,SaidNew,1,40,657.7530158730159,630.7244444444444,6,6,-1,-1,-1,-1,-1,44,6,-1,-1,-1,167702,315092,81,911,912
A3C3Q963MQDPGT,FIRSTROUNDFULL,Identity,50,3000,48,1658872824597,0,-1,0,SaidNew,1,40,657.7530158730159,630.7244444444444,6,6,-1,-1,-1,-1,-1,44,6,-1,-1,-1,168973,316363,98,911,912
A3C3Q963MQDPGT,FIRSTROUNDFULL,Identity,50,3000,49,1658872825884,33,1658872605252,1,SaidOld,1,7,218.27746031746034,83.88000000000002,1,2,218.03750610351562,169.8874969482422,2,2,86.00783167436948,44,6,66,26.87989989960981,-39.12010010039019,170826,318624,41,911,912
A3C3Q963MQDPGT,FIRSTROUNDFULL,Identity,50,3000,50,1658872828633,0,-1,0,SaidNew,1,7,218.27746031746034,83.88000000000002,1,2,-1,-1,-1,-1,-1,44,6,-1,-1,-1,173368,320759,53,911,912
A18G2CLYSTENK,FIRSTROUNDFULL,Identity,50,3000,1,1658872537486,0,-1,0,SaidNew,1,6,84.75428571428571,761.1466666666668,7,1,-1,-1,-1,-1,-1,44,6,-1,-1,-1,13569,161037,67,928,928,1658872380783,26/07/2022@18,Mozilla/5.0(WindowsNT10.0;Win64;x64)AppleWebKit/537.36(KHTMLlikeGecko)Chrome/103.0.0.0Safari/537.36,1856,977,1920,1080,454933
A18G2CLYSTENK,FIRSTROUNDFULL,Identity,50,3000,2,1658872542323,3,1658872386806,1,SaidOld,1,15,317.7231746031747,189.72444444444446,2,3,192.078125,538.40625,5,2,370.62876307063175,44,6,6,2.762706043956044,-3.237293956043956,16118,172839,2,928,928
A18G2CLYSTENK,FIRSTROUNDFULL,Identity,50,3000,3,1658872554625,0,-1,0,SaidNew,1,15,317.7231746031747,189.72444444444446,2,3,-1,-1,-1,-1,-1,44,6,-1,-1,-1,28958,176426,23,928,928
A18G2CLYSTENK,FIRSTROUNDFULL,Identity,50,3000,4,1658872557711,0,-1,0,SaidNew,1,15,317.7231746031747,189.72444444444446,2,3,-1,-1,-1,-1,-1,44,6,-1,-1,-1,31072,178540,24,928,928
A18G2CLYSTENK,FIRSTROUNDFULL,Identity,50,3000,5,1658872559825,32,1658872474096,1,SaidOld,1,44,792.6609523809524,320.20888888888896,3,7,667.078125,78.40625,1,6,272.4693793926659,44,6,64,5.509958791208791,-58.49004120879121,33517,187565,98,928,928
A18G2CLYSTENK,FIRSTROUNDFULL,Identity,50,3000,6,1658872569352,38,1658872492128,1,SaidOld,1,1,98.75428571428571,197.72444444444446,2,1,211.078125,428.40625,4,2,256.57501882734823,44,6,76,79.0264423076923,3.0264423076923066,43188,192116,22,928,928
A18G2CLYSTENK,FIRSTROUNDFULL,Identity,50,3000,7,1658872573901,7,1658872398861,1,SaidOld,1,39,682.176507936508,546.1777777777778,5,6,231.078125,639.40625,6,2,460.63141351933655,44,6,14.000000000000002,30.0154532967033,16.0154532967033,47134,195729,66,928,928
A18G2CLYSTENK,FIRSTROUNDFULL,Identity,50,3000,8,1658872577513,50,1658872528251,1,SaidOld,1,6,84.75428571428571,761.1466666666668,7,1,329.078125,643.40625,6,3,271.21383475064806,44,6,100,83.86160714285714,-16.13839285714286,52662,201167,80,928,928
A18G2CLYSTENK,FIRSTROUNDFULL,Identity,50,3000,9,1658872582951,28,1658872462051,1,SaidOld,1,4,104.75428571428571,519.1777777777778,5,1,319.078125,404.40625,4,3,243.1197476031388,44,6,56.00000000000001,28.47699175824176,-27.523008241758248,57410,206010,8,928,928
A18G2CLYSTENK,FIRSTROUNDFULL,Identity,50,3000,10,1658872587796,0,-1,0,SaidNew,1,4,104.75428571428571,519.1777777777778,5,1,-1,-1,-1,-1,-1,44,6,-1,-1,-1,60840,208308,5,928,928
A18G2CLYSTENK,FIRSTROUNDFULL,Identity,50,3000,11,1658872589593,0,-1,0,SaidNew,1,4,104.75428571428571,519.1777777777778,5,1,-1,-1,-1,-1,-1,44,6,-1,-1,-1,62278,209746,32,928,928
A18G2CLYSTENK,FIRSTROUNDFULL,Identity,50,3000,12,1658872591030,41,1658872501147,1,SaidOld,1,41,688.176507936508,760.1466666666668,7,6,551.078125,641.40625,6,5,181.3704858955255,44,6,82,93.75171703296704,11.751717032967036,63961,213125,21,928,928
A18G2CLYSTENK,FIRSTROUNDFULL,Identity,50,3000,13,1658872594910,37,1658872489126,1,SaidOld,1,15,317.7231746031747,189.72444444444446,2,3,536.078125,398.40625,4,5,302.03804451215535,44,6,74,78.47699175824175,4.476991758241752,68284,216933,29,928,928
A18G2CLYSTENK,FIRSTROUNDFULL,Identity,50,3000,14,1658872598717,0,-1,0,SaidNew,1,15,317.7231746031747,189.72444444444446,2,3,-1,-1,-1,-1,-1,44,6,-1,-1,-1,71708,219176,92,928,928
A18G2CLYSTENK,FIRSTROUNDFULL,Identity,50,3000,15,1658872600462,0,-1,0,SaidNew,1,15,317.7231746031747,189.72444444444446,2,3,-1,-1,-1,-1,-1,44,6,-1,-1,-1,73082,220550,64,928,928
A18G2CLYSTENK,FIRSTROUNDFULL,Identity,50,3000,16,1658872601834,0,-1,0,SaidNew,1,15,317.7231746031747,189.72444444444446,2,3,-1,-1,-1,-1,-1,44,6,-1,-1,-1,74774,222242,57,928,928
A18G2CLYSTENK,FIRSTROUNDFULL,Identity,50,3000,17,1658872603527,0,-1,0,SaidNew,1,15,317.7231746031747,189.72444444444446,2,3,-1,-1,-1,-1,-1,44,6,-1,-1,-1,76740,224208,76,928,928
A18G2CLYSTENK,FIRSTROUNDFULL,Identity,50,3000,18,1658872605493,39,1658872495131,1,SaidOld,1,4,104.75428571428571,519.1777777777778,5,1,306.078125,650.40625,6,3,240.3168745355154,44,6,78,82.54292582417582,4.542925824175825,78450,227165,85,928,928
A18G2CLYSTENK,FIRSTROUNDFULL,Identity,50,3000,19,1658872608950,0,-1,0,SaidNew,1,4,104.75428571428571,519.1777777777778,5,1,-1,-1,-1,-1,-1,44,6,-1,-1,-1,81748,229216,19,928,928
A18G2CLYSTENK,FIRSTROUNDFULL,Identity,50,3000,20,1658872610509,0,-1,0,SaidNew,1,4,104.75428571428571,519.1777777777778,5,1,-1,-1,-1,-1,-1,44,6,-1,-1,-1,82962,230430,55,928,928
A18G2CLYSTENK,FIRSTROUNDFULL,Identity,50,3000,21,1658872611716,0,-1,0,SaidNew,1,4,104.75428571428571,519.1777777777778,5,1,-1,-1,-1,-1,-1,44,6,-1,-1,-1,84368,231836,4,928,928
A18G2CLYSTENK,FIRSTROUNDFULL,Identity,50,3000,22,1658872613122,1,1658872380789,1,SaidOld,1,38,670.176507936508,426.6933333333334,4,6,658.078125,427.40625,4,6,12.119369614464196,44,6,2,0.34512362637362637,-1.6548763736263736,86340,235595,33,928,928
A18G2CLYSTENK,FIRSTROUNDFULL,Identity,50,3000,23,1658872617382,14,1658872419930,1,SaidOld,1,38,670.176507936508,426.6933333333334,4,6,320.078125,624.40625,6,3,402.0687443107186,44,6,28.000000000000004,55.83962912087912,27.839629120879113,90598,239247,50,928,928
A18G2CLYSTENK,FIRSTROUNDFULL,Identity,50,3000,24,1658872621032,20,1658872437983,1,SaidOld,1,18,326.7231746031747,534.1777777777778,5,3,190.078125,297.40625,3,2,273.3726869079592,44,6,40,58.03743131868132,18.03743131868132,94192,242712,27,928,928
A18G2CLYSTENK,FIRSTROUNDFULL,Identity,50,3000,25,1658872624497,0,-1,0,SaidNew,1,18,326.7231746031747,534.1777777777778,5,3,-1,-1,-1,-1,-1,44,6,-1,-1,-1,97390,244858,61,928,928
A18G2CLYSTENK,FIRSTROUNDFULL,Identity,50,3000,26,1658872626143,0,-1,0,SaidNew,1,18,326.7231746031747,534.1777777777778,5,3,-1,-1,-1,-1,-1,44,6,-1,-1,-1,98658,246126,68,928,928
A18G2CLYSTENK,FIRSTROUNDFULL,Identity,50,3000,27,1658872627411,0,-1,0,SaidNew,1,18,326.7231746031747,534.1777777777778,5,3,-1,-1,-1,-1,-1,44,6,-1,-1,-1,100170,247638,42,928,928
A18G2CLYSTENK,FIRSTROUNDFULL,Identity,50,3000,28,1658872628923,0,-1,0,SaidNew,1,18,326.7231746031747,534.1777777777778,5,3,-1,-1,-1,-1,-1,44,6,-1,-1,-1,101762,249230,77,928,928
A18G2CLYSTENK,FIRSTROUNDFULL,Identity,50,3000,29,1658872630527,0,-1,0,SaidOld,0,18,326.7231746031747,534.1777777777778,5,3,216.078125,184.40625,2,2,366.854805946017,44,6,-1,35.18028846153846,36.18028846153846,103902,252397,16,928,928
A18G2CLYSTENK,FIRSTROUNDFULL,Identity,50,3000,30,1658872634183,18,1658872431954,1,SaidOld,1,31,569.6920634920635,412.6933333333334,4,5,339.078125,437.40625,4,3,231.93429430982147,44,6,36,25.6198489010989,-10.380151098901099,107732,256327,47,928,928
A18G2CLYSTENK,FIRSTROUNDFULL,Identity,50,3000,31,1658872638111,0,-1,0,SaidNew,1,31,569.6920634920635,412.6933333333334,4,5,-1,-1,-1,-1,-1,44,6,-1,-1,-1,111210,258678,34,928,928
A18G2CLYSTENK,FIRSTROUNDFULL,Identity,50,3000,32,1658872639963,0,-1,0,SaidNew,1,31,569.6920634920635,412.6933333333334,4,5,-1,-1,-1,-1,-1,44,6,-1,-1,-1,113271,260739,78,928,928
A18G2CLYSTENK,FIRSTROUNDFULL,Identity,50,3000,33,1658872642023,26,1658872456035,1,SaidOld,1,4,104.75428571428571,519.1777777777778,5,1,436.078125,82.40625,1,4,548.2197132139266,44,6,52,51.00446428571429,-0.9955357142857082,115348,263532,88,928,928
A18G2CLYSTENK,FIRSTROUNDFULL,Identity,50,3000,34,1658872645317,24,1658872450013,1,SaidOld,1,30,566.6920634920635,306.20888888888896,3,5,548.078125,509.40625,5,5,204.04814693769111,44,6,48,76.6088598901099,28.608859890109898,121592,270542,79,928,928
A18G2CLYSTENK,FIRSTROUNDFULL,Identity,50,3000,35,1658872652328,5,1658872392833,1,SaidOld,1,29,569.6920634920635,198.72444444444446,2,5,436.078125,206.40625,2,4,133.83457959718146,44,6,10,22.542925824175825,12.542925824175825,127070,275539,1,928,928
A18G2CLYSTENK,FIRSTROUNDFULL,Identity,50,3000,36,1658872657325,0,-1,0,SaidNew,1,29,569.6920634920635,198.72444444444446,2,5,-1,-1,-1,-1,-1,44,6,-1,-1,-1,129912,277381,30,928,928
A18G2CLYSTENK,FIRSTROUNDFULL,Identity,50,3000,37,1658872658665,9,1658872404892,1,SaidNew,0,13,223.2387301587302,783.1466666666668,7,2,-1,-1,-1,-1,-1,44,6,18,-1,-1,131036,278504,13,928,928
A18G2CLYSTENK,FIRSTROUNDFULL,Identity,50,3000,38,1658872659789,0,-1,0,SaidNew,1,13,223.2387301587302,783.1466666666668,7,2,-1,-1,-1,-1,-1,44,6,-1,-1,-1,132576,280044,6,928,928
A18G2CLYSTENK,FIRSTROUNDFULL,Identity,50,3000,39,1658872661328,15,1658872422938,1,SaidOld,1,32,550.6920634920635,528.1777777777778,5,5,124.078125,518.40625,5,1,426.7258315017056,44,6,30,78.9165521978022,48.916552197802204,134458,283091,40,928,928
A18G2CLYSTENK,FIRSTROUNDFULL,Identity,50,3000,40,1658872664877,27,1658872459045,1,SaidOld,1,25,430.2076190476191,531.1777777777778,5,4,679.078125,307.40625,3,6,334.67928734386123,44,6,54,74.19127747252747,20.191277472527474,137908,286367,84,928,928
A18G2CLYSTENK,FIRSTROUNDFULL,Identity,50,3000,41,1658872668151,22,1658872443994,1,SaidOld,1,21,444.2076190476191,63.24000000000001,1,4,328.078125,70.40625,1,3,116.35039547340827,44,6,44,89.24622252747253,45.246222527472526,142796,291171,54,928,928
A18G2CLYSTENK,FIRSTROUNDFULL,Identity,50,3000,42,1658872672956,19,1658872434970,1,SaidOld,1,3,100.75428571428571,422.6933333333334,4,1,81.078125,168.40625,2,1,255.04719573174697,44,6,38,63.971497252747255,25.971497252747255,146636,295183,15,928,928
A18G2CLYSTENK,FIRSTROUNDFULL,Identity,50,3000,43,1658872676969,0,-1,0,SaidNew,1,3,100.75428571428571,422.6933333333334,4,1,-1,-1,-1,-1,-1,44,6,-1,-1,-1,149615,297083,58,928,928
A18G2CLYSTENK,FIRSTROUNDFULL,Identity,50,3000,44,1658872678377,10,1658872407894,1,SaidOld,1,27,435.2076190476191,759.1466666666668,7,4,542.078125,433.40625,4,5,342.82375077099243,44,6,20,61.88358516483517,41.88358516483517,152150,300605,56,928,928
A18G2CLYSTENK,FIRSTROUNDFULL,Identity,50,3000,45,1658872682390,0,-1,0,SaidOld,0,27,435.2076190476191,759.1466666666668,7,4,309.078125,432.40625,4,3,350.239845180721,44,6,-1,79.90556318681318,80.90556318681318,156324,305053,49,928,928
A18G2CLYSTENK,FIRSTROUNDFULL,Identity,50,3000,46,1658872686837,40,1658872498141,1,SaidNew,0,40,678.176507936508,634.6622222222223,6,6,-1,-1,-1,-1,-1,44,6,80,-1,-1,159500,306968,18,928,928
A18G2CLYSTENK,FIRSTROUNDFULL,Identity,50,3000,47,1658872688253,16,1658872425941,1,SaidOld,1,24,450.2076190476191,430.6933333333334,4,4,506.078125,520.40625,5,5,105.68784628430696,44,6,32,18.257211538461537,-13.742788461538463,161606,310147,90,928,928
A18G2CLYSTENK,FIRSTROUNDFULL,Identity,50,3000,48,1658872691932,48,1658872522235,1,SaidOld,1,4,104.75428571428571,519.1777777777778,5,1,265.078125,528.40625,5,2,160.58922175185938,44,6,96,8.80666208791209,-87.19333791208791,165226,313721,41,928,928
A18G2CLYSTENK,FIRSTROUNDFULL,Identity,50,3000,49,1658872695505,17,1658872428950,1,SaidOld,1,41,688.176507936508,760.1466666666668,7,6,410.078125,510.40625,5,4,373.7766529743945,44,6,34,50.56490384615384,16.56490384615384,169500,318796,74,928,928
A18G2CLYSTENK,FIRSTROUNDFULL,Identity,50,3000,50,1658872700581,4,1658872389820,1,SaidOld,1,42,810.6609523809524,87.24000000000001,1,7,789.078125,78.40625,1,7,23.320668447076898,44,6,8,2.9824862637362637,-5.017513736263736,173486,322655,45,928,928
A5P12YJP805RG,FIRSTROUNDFULL,Identity,50,3000,1,1658868892187,1,1658868730175,1,SaidOld,1,27,428.8342857142857,757.3599999999999,7,4,514.546875,782.078125,7,5,89.20556970042381,46,4,2,0.9475471175166297,-1.0524528824833703,19926,171564,6,921,921,1658868730170,26/07/2022@16,Mozilla/5.0(WindowsNT10.0;Win64;x64)AppleWebKit/537.36(KHTMLlikeGecko)Chrome/103.0.0.0Safari/537.36,1920,969,1920,1080,420014
A5P12YJP805RG,FIRSTROUNDFULL,Identity,50,3000,2,1658868902737,0,-1,0,SaidNew,1,27,428.8342857142857,757.3599999999999,7,4,-1,-1,-1,-1,-1,46,4,-1,-1,-1,27895,175306,76,921,921
A5P12YJP805RG,FIRSTROUNDFULL,Identity,50,3000,3,1658868905984,44,1658868859524,1,SaidOld,1,42,802.6742857142856,76.68,1,7,105.546875,79.078125,1,1,697.1315354886191,46,4,88,92.41096175166297,4.410961751662967,30599,179539,18,921,921
A5P12YJP805RG,FIRSTROUNDFULL,Identity,50,3000,4,1658868910715,0,-1,0,SaidNew,1,42,802.6742857142856,76.68,1,7,-1,-1,-1,-1,-1,46,4,-1,-1,-1,35128,182539,90,921,921
A5P12YJP805RG,FIRSTROUNDFULL,Identity,50,3000,5,1658868913214,2,1658868733180,1,SaidOld,1,18,327.2209523809524,521.1333333333332,5,3,323.546875,639.078125,6,3,118.00200305882379,46,4,4,13.696992793791573,9.696992793791573,38464,187260,70,921,921
A5P12YJP805RG,FIRSTROUNDFULL,Identity,50,3000,6,1658868918433,18,1658868781299,1,SaidOld,1,27,428.8342857142857,757.3599999999999,7,4,201.546875,84.078125,1,2,710.6110400723591,46,4,36,38.752425166297115,2.7524251662971153,44145,192773,5,921,921
A5P12YJP805RG,FIRSTROUNDFULL,Identity,50,3000,7,1658868923951,10,1658868757247,1,SaidOld,1,39,667.0609523809522,542.1333333333332,5,6,684.546875,634.078125,6,6,93.59274653767827,46,4,20,55.936460643015515,35.936460643015515,47698,195965,40,921,921
A5P12YJP805RG,FIRSTROUNDFULL,Identity,50,3000,8,1658868927148,0,-1,0,SaidNew,1,39,667.0609523809522,542.1333333333332,5,6,-1,-1,-1,-1,-1,46,4,-1,-1,-1,50802,198213,91,921,921
A5P12YJP805RG,FIRSTROUNDFULL,Identity,50,3000,9,1658868928887,0,-1,0,SaidOld,0,39,667.0609523809522,542.1333333333332,5,6,70.546875,642.078125,6,1,604.8289062990807,46,4,-1,66.35774667405765,67.35774667405765,53250,201695,79,921,921
A5P12YJP805RG,FIRSTROUNDFULL,Identity,50,3000,10,1658868932877,23,1658868796345,1,SaidOld,1,41,684.0609523809522,758.3599999999999,7,6,675.546875,644.078125,6,6,114.59858841698028,46,4,46,47.510740022172946,1.5107400221729463,58476,206983,21,921,921
A5P12YJP805RG,FIRSTROUNDFULL,Identity,50,3000,11,1658868938165,35,1658868832452,1,SaidOld,1,12,222.60761904761904,661.7466666666666,6,2,445.546875,550.078125,5,4,249.34268596163247,46,4,70,63.69699279379157,-6.303007206208427,61980,210167,93,921,921
A5P12YJP805RG,FIRSTROUNDFULL,Identity,50,3000,12,1658868941347,0,-1,0,SaidNew,1,12,222.60761904761904,661.7466666666666,6,2,-1,-1,-1,-1,-1,46,4,-1,-1,-1,65068,212480,98,921,921
A5P12YJP805RG,FIRSTROUNDFULL,Identity,50,3000,13,1658868943160,0,-1,0,SaidNew,1,12,222.60761904761904,661.7466666666666,6,2,-1,-1,-1,-1,-1,46,4,-1,-1,-1,68269,215680,15,921,921
A5P12YJP805RG,FIRSTROUNDFULL,Identity,50,3000,14,1658868946354,0,-1,0,SaidNew,1,12,222.60761904761904,661.7466666666666,6,2,-1,-1,-1,-1,-1,46,4,-1,-1,-1,71077,218488,22,921,921
A5P12YJP805RG,FIRSTROUNDFULL,Identity,50,3000,15,1658868949164,3,1658868736196,1,SaidOld,1,15,345.2209523809524,195.29333333333335,2,3,558.546875,547.078125,5,5,411.41279623904256,46,4,6,15.470828713968956,9.470828713968956,72974,221337,45,921,921
A5P12YJP805RG,FIRSTROUNDFULL,Identity,50,3000,16,1658868952510,0,-1,0,SaidNew,1,15,345.2209523809524,195.29333333333335,2,3,-1,-1,-1,-1,-1,46,4,-1,-1,-1,76574,223985,62,921,921
A5P12YJP805RG,FIRSTROUNDFULL,Identity,50,3000,17,1658868954669,0,-1,0,SaidOld,0,15,345.2209523809524,195.29333333333335,2,3,677.546875,628.078125,6,6,545.6584964449479,46,4,-1,48.06506374722838,49.06506374722838,78766,227234,47,921,921
A5P12YJP805RG,FIRSTROUNDFULL,Identity,50,3000,18,1658868958407,0,-1,0,SaidNew,1,15,345.2209523809524,195.29333333333335,2,3,-1,-1,-1,-1,-1,46,4,-1,-1,-1,82767,230178,60,921,921
A5P12YJP805RG,FIRSTROUNDFULL,Identity,50,3000,19,1658868960863,45,1658868862530,1,SaidOld,1,40,670.0609523809522,645.7466666666666,6,6,548.546875,660.078125,6,5,122.35628998831291,46,4,90,45.07171563192905,-44.92828436807095,84783,233187,69,921,921
A5P12YJP805RG,FIRSTROUNDFULL,Identity,50,3000,20,1658868964364,8,1658868751228,1,SaidOld,1,46,783.6742857142856,528.1333333333332,5,7,317.546875,557.078125,5,3,467.0252284232952,46,4,16,39.52847838137472,23.52847838137472,88648,236659,43,921,921
A5P12YJP805RG,FIRSTROUNDFULL,Identity,50,3000,21,1658868967831,0,-1,0,SaidNew,1,46,783.6742857142856,528.1333333333332,5,7,-1,-1,-1,-1,-1,46,4,-1,-1,-1,91288,238699,57,921,921
A5P12YJP805RG,FIRSTROUNDFULL,Identity,50,3000,22,1658868969370,15,1658868772278,1,SaidOld,1,34,552.447619047619,777.3599999999999,7,5,662.546875,738.078125,7,6,116.89701392586346,46,4,30,34.98302383592018,4.983023835920179,93312,242068,83,921,921
A5P12YJP805RG,FIRSTROUNDFULL,Identity,50,3000,23,1658868973247,0,-1,0,SaidNew,1,34,552.447619047619,777.3599999999999,7,5,-1,-1,-1,-1,-1,46,4,-1,-1,-1,96897,244308,19,921,921
A5P12YJP805RG,FIRSTROUNDFULL,Identity,50,3000,24,1658868974986,13,1658868766263,1,SaidOld,1,15,345.2209523809524,195.29333333333335,2,3,535.546875,528.078125,5,5,383.36624053953733,46,4,26,41.967502771618626,15.967502771618626,98657,247109,55,921,921
A5P12YJP805RG,FIRSTROUNDFULL,Identity,50,3000,25,1658868978280,39,1658868844479,1,SaidOld,1,23,455.8342857142857,290.9066666666667,3,4,664.546875,637.078125,6,6,404.22224517086386,46,4,78,66.13601718403548,-11.863982815964519,102338,251030,37,921,921
A5P12YJP805RG,FIRSTROUNDFULL,Identity,50,3000,26,1658868982213,0,-1,0,SaidNew,1,23,455.8342857142857,290.9066666666667,3,4,-1,-1,-1,-1,-1,46,4,-1,-1,-1,106562,253974,41,921,921
A5P12YJP805RG,FIRSTROUNDFULL,Identity,50,3000,27,1658868984658,0,-1,0,SaidNew,1,23,455.8342857142857,290.9066666666667,3,4,-1,-1,-1,-1,-1,46,4,-1,-1,-1,108298,255710,26,921,921
A5P12YJP805RG,FIRSTROUNDFULL,Identity,50,3000,28,1658868986383,0,-1,0,SaidNew,1,23,455.8342857142857,290.9066666666667,3,4,-1,-1,-1,-1,-1,46,4,-1,-1,-1,109723,257134,8,921,921
A5P12YJP805RG,FIRSTROUNDFULL,Identity,50,3000,29,1658868987811,0,-1,0,SaidNew,1,23,455.8342857142857,290.9066666666667,3,4,-1,-1,-1,-1,-1,46,4,-1,-1,-1,111251,258662,95,921,921
A5P12YJP805RG,FIRSTROUNDFULL,Identity,50,3000,30,1658868989333,0,-1,0,SaidNew,1,23,455.8342857142857,290.9066666666667,3,4,-1,-1,-1,-1,-1,46,4,-1,-1,-1,112675,260086,61,921,921
A5P12YJP805RG,FIRSTROUNDFULL,Identity,50,3000,31,1658868990767,0,-1,0,SaidNew,1,23,455.8342857142857,290.9066666666667,3,4,-1,-1,-1,-1,-1,46,4,-1,-1,-1,114067,261478,28,921,921
A5P12YJP805RG,FIRSTROUNDFULL,Identity,50,3000,32,1658868992149,0,-1,0,SaidNew,1,23,455.8342857142857,290.9066666666667,3,4,-1,-1,-1,-1,-1,46,4,-1,-1,-1,115580,262991,92,921,921
A5P12YJP805RG,FIRSTROUNDFULL,Identity,50,3000,33,1658868993671,34,1658868829436,1,SaidOld,1,22,430.8342857142857,199.29333333333335,2,4,557.546875,522.078125,5,5,346.76519723695384,46,4,68,47.17814578713969,-20.82185421286031,117388,265471,74,921,921
A5P12YJP805RG,FIRSTROUNDFULL,Identity,50,3000,34,1658868996656,49,1658868874566,1,SaidOld,1,8,201.60761904761904,187.29333333333335,2,2,686.546875,397.078125,4,6,528.3708364191532,46,4,98,58.04289079822617,-39.95710920177383,120404,268568,100,921,921
A5P12YJP805RG,FIRSTROUNDFULL,Identity,50,3000,35,1658868999740,20,1658868787322,1,SaidOld,1,20,315.2209523809524,762.3599999999999,7,3,424.546875,565.078125,5,4,225.54887621094807,46,4,40,70.68147172949001,30.681471729490013,123453,271504,73,921,921
A5P12YJP805RG,FIRSTROUNDFULL,Identity,50,3000,36,1658869002678,4,1658868739199,1,SaidOld,1,9,207.60761904761904,307.9066666666667,3,2,199.546875,527.078125,5,2,219.3196382966224,46,4,8,39.750207871396896,31.750207871396896,126478,274545,17,921,921
A5P12YJP805RG,FIRSTROUNDFULL,Identity,50,3000,37,1658869005723,0,-1,0,SaidNew,1,9,207.60761904761904,307.9066666666667,3,2,-1,-1,-1,-1,-1,46,4,-1,-1,-1,129198,276609,59,921,921
A5P12YJP805RG,FIRSTROUNDFULL,Identity,50,3000,38,1658869007280,0,-1,0,SaidNew,1,9,207.60761904761904,307.9066666666667,3,2,-1,-1,-1,-1,-1,46,4,-1,-1,-1,130590,278001,33,921,921
A5P12YJP805RG,FIRSTROUNDFULL,Identity,50,3000,39,1658869008679,37,1658868838467,1,SaidOld,1,28,570.447619047619,87.68,1,5,678.546875,666.078125,6,6,588.4129843409083,46,4,74,64.69477549889136,-9.30522450110864,132231,280322,94,921,921
A5P12YJP805RG,FIRSTROUNDFULL,Identity,50,3000,40,1658869011507,0,-1,0,SaidNew,1,28,570.447619047619,87.68,1,5,-1,-1,-1,-1,-1,46,4,-1,-1,-1,134935,282346,23,921,921
A5P12YJP805RG,FIRSTROUNDFULL,Identity,50,3000,41,1658869013032,31,1658868820412,1,SaidNew,0,13,204.60761904761904,777.3599999999999,7,2,-1,-1,-1,-1,-1,46,4,62,-1,-1,136399,283810,85,921,921
A5P12YJP805RG,FIRSTROUNDFULL,Identity,50,3000,42,1658869014494,0,-1,0,SaidNew,1,13,204.60761904761904,777.3599999999999,7,2,-1,-1,-1,-1,-1,46,4,-1,-1,-1,137823,285234,29,921,921
A5P12YJP805RG,FIRSTROUNDFULL,Identity,50,3000,43,1658869015907,0,-1,0,SaidNew,1,13,204.60761904761904,777.3599999999999,7,2,-1,-1,-1,-1,-1,46,4,-1,-1,-1,139279,286690,63,921,921
A5P12YJP805RG,FIRSTROUNDFULL,Identity,50,3000,44,1658869017367,5,1658868742208,1,SaidOld,1,15,345.2209523809524,195.29333333333335,2,3,557.546875,207.078125,2,5,212.65271860631486,46,4,10,13.918722283813748,3.9187222838137483,141208,289379,38,921,921
A5P12YJP805RG,FIRSTROUNDFULL,Identity,50,3000,45,1658869020562,0,-1,0,SaidNew,1,15,345.2209523809524,195.29333333333335,2,3,-1,-1,-1,-1,-1,46,4,-1,-1,-1,144184,291595,71,921,921
A5P12YJP805RG,FIRSTROUNDFULL,Identity,50,3000,46,1658869022275,40,1658868847489,1,SaidOld,1,26,459.8342857142857,660.7466666666666,6,4,649.546875,640.078125,6,6,190.83515176223912,46,4,80,91.4131790465632,11.4131790465632,145920,294100,25,921,921
A5P12YJP805RG,FIRSTROUNDFULL,Identity,50,3000,47,1658869025283,33,1658868826428,1,SaidNew,0,15,345.2209523809524,195.29333333333335,2,3,-1,-1,-1,-1,-1,46,4,66,-1,-1,148753,296164,80,921,921
A5P12YJP805RG,FIRSTROUNDFULL,Identity,50,3000,48,1658869026836,0,-1,0,SaidNew,1,15,345.2209523809524,195.29333333333335,2,3,-1,-1,-1,-1,-1,46,4,-1,-1,-1,150185,297596,46,921,921
A5P12YJP805RG,FIRSTROUNDFULL,Identity,50,3000,49,1658869028279,0,-1,0,SaidNew,1,15,345.2209523809524,195.29333333333335,2,3,-1,-1,-1,-1,-1,46,4,-1,-1,-1,151561,298972,66,921,921
A5P12YJP805RG,FIRSTROUNDFULL,Identity,50,3000,50,1658869029648,21,1658868790326,1,SaidOld,1,35,670.0609523809522,80.68,1,6,647.546875,180.078125,2,6,101.91599940063938,46,4,42,31.10275776053215,-10.89724223946785,153257,301373,16,921,921
A1T6QVMIXF74FF,FIRSTROUNDFULL,Identity,50,3000,1,1658870205091,46,1658870177295,1,SaidOld,1,40,899.6844444444445,881.8844444444445,6,6,459.6164855957031,1004.0170516967773,7,3,456.7014146677784,45,5TimeBarLoc_1st,43.774937292510515,-48.225062707489485,23668,175889,51,1253,1253,1658870041921,26/07/2022@17,Mozilla/5.0(WindowsNT10.0;Win64;x64)AppleWebKit/537.36(KHTMLlikeGecko)Chrome/103.0.0.0Safari/537.36,2327,1309,2560,1440,467955
A1T6QVMIXF74FF,FIRSTROUNDFULL,Identity,50,3000,2,1658870218812,3,1658870047941,1,SaidOld,1,28,746.7555555555555,121.24000000000001,1,5,144.61648559570312,100.01705169677734,1,1,602.5129650943597,45,5TimeBarLoc_1st,5.792984872494103,-0.20701512750589668,32617,182041,7,1253,1253
A1T6QVMIXF74FF,FIRSTROUNDFULL,Identity,50,3000,3,1658870224970,0,-1,0,SaidNew,1,28,746.7555555555555,121.24000000000001,1,5,-1,-1,-1,-1,-1,45,5TimeBarLoc_1st,-1,-1,43896,191312,12,1253,1253
A1T6QVMIXF74FF,FIRSTROUNDFULL,Identity,50,3000,4,1658870233747,0,-1,0,SaidNew,1,28,746.7555555555555,121.24000000000001,1,5,-1,-1,-1,-1,-1,45,5TimeBarLoc_1st,-1,-1,49220,196636,80,1253,1253
A1T6QVMIXF74FF,FIRSTROUNDFULL,Identity,50,3000,5,1658870239059,0,-1,0,SaidNew,1,28,746.7555555555555,121.24000000000001,1,5,-1,-1,-1,-1,-1,45,5TimeBarLoc_1st,-1,-1,52161,199577,44,1253,1253
A1T6QVMIXF74FF,FIRSTROUNDFULL,Identity,50,3000,6,1658870242003,0,-1,0,SaidNew,1,28,746.7555555555555,121.24000000000001,1,5,-1,-1,-1,-1,-1,45,5TimeBarLoc_1st,-1,-1,54224,201640,71,1253,1253
A1T6QVMIXF74FF,FIRSTROUNDFULL,Identity,50,3000,7,1658870244063,16,1658870087050,1,SaidNew,0,22,580.8266666666667,265.1688888888889,2,4,-1,-1,-1,-1,-1,45,5TimeBarLoc_1st,-1,-1,56876,204292,87,1253,1253
A1T6QVMIXF74FF,FIRSTROUNDFULL,Identity,50,3000,8,1658870246720,14,1658870081033,1,SaidOld,1,37,936.6844444444445,418.09777777777776,3,6,461.6164855957031,135.01705169677734,1,3,553.0138000115873,45,5TimeBarLoc_1st,41.560007021796814,13.56000702179681,63864,214101,85,1253,1253
A1T6QVMIXF74FF,FIRSTROUNDFULL,Identity,50,3000,9,1658870257028,5,1658870053957,1,SaidNew,0,13,282.9688888888889,1035.8133333333335,7,2,-1,-1,-1,-1,-1,45,5TimeBarLoc_1st,-1,-1,69853,217269,98,1253,1253
A1T6QVMIXF74FF,FIRSTROUNDFULL,Identity,50,3000,10,1658870259706,0,-1,0,SaidNew,1,13,282.9688888888889,1035.8133333333335,7,2,-1,-1,-1,-1,-1,45,5TimeBarLoc_1st,-1,-1,71681,219097,8,1253,1253
A1T6QVMIXF74FF,FIRSTROUNDFULL,Identity,50,3000,11,1658870261527,4,1658870050943,1,SaidNew,0,41,905.6844444444445,1036.8133333333335,7,6,-1,-1,-1,-1,-1,45,5TimeBarLoc_1st,-1,-1,74849,222265,73,1253,1253
A1T6QVMIXF74FF,FIRSTROUNDFULL,Identity,50,3000,12,1658870264690,2,1658870044933,1,SaidOld,1,46,1088.6133333333337,731.9555555555555,5,7,1046.6164855957031,441.01705169677734,3,7,293.9539900179652,45,5TimeBarLoc_1st,2.1014344213046043,-1.8985655786953957,77308,226564,37,1253,1253
A1T6QVMIXF74FF,FIRSTROUNDFULL,Identity,50,3000,13,1658870269487,0,-1,0,SaidNew,1,46,1088.6133333333337,731.9555555555555,5,7,-1,-1,-1,-1,-1,45,5TimeBarLoc_1st,-1,-1,81950,229366,82,1253,1253
A1T6QVMIXF74FF,FIRSTROUNDFULL,Identity,50,3000,14,1658870271800,0,-1,0,SaidNew,1,46,1088.6133333333337,731.9555555555555,5,7,-1,-1,-1,-1,-1,45,5TimeBarLoc_1st,-1,-1,84215,231631,95,1253,1253
A1T6QVMIXF74FF,FIRSTROUNDFULL,Identity,50,3000,15,1658870274054,0,-1,0,SaidNew,1,46,1088.6133333333337,731.9555555555555,5,7,-1,-1,-1,-1,-1,45,5TimeBarLoc_1st,-1,-1,86969,234385,46,1253,1253
A1T6QVMIXF74FF,FIRSTROUNDFULL,Identity,50,3000,16,1658870276813,33,1658870138163,1,SaidNew,0,7,310.9688888888889,105.24000000000001,1,2,-1,-1,-1,-1,-1,45,5TimeBarLoc_1st,-1,-1,90489,237905,63,1253,1253
A1T6QVMIXF74FF,FIRSTROUNDFULL,Identity,50,3000,17,1658870280338,0,-1,0,SaidNew,1,7,310.9688888888889,105.24000000000001,1,2,-1,-1,-1,-1,-1,45,5TimeBarLoc_1st,-1,-1,92205,239622,100,1253,1253
A1T6QVMIXF74FF,FIRSTROUNDFULL,Identity,50,3000,18,1658870282054,24,1658870111111,1,SaidOld,1,5,117.04,900.8844444444445,6,1,109.61648559570312,532.0170516967773,4,1,368.942084884027,45,5TimeBarLoc_1st,62.23268954845801,14.232689548458012,94209,242796,32,1253,1253
A1T6QVMIXF74FF,FIRSTROUNDFULL,Identity,50,3000,19,1658870285719,0,-1,0,SaidNew,1,5,117.04,900.8844444444445,6,1,-1,-1,-1,-1,-1,45,5TimeBarLoc_1st,-1,-1,97568,244985,55,1253,1253
A1T6QVMIXF74FF,FIRSTROUNDFULL,Identity,50,3000,20,1658870287407,0,-1,0,SaidNew,1,5,117.04,900.8844444444445,6,1,-1,-1,-1,-1,-1,45,5TimeBarLoc_1st,-1,-1,98862,246278,14,1253,1253
A1T6QVMIXF74FF,FIRSTROUNDFULL,Identity,50,3000,21,1658870288709,0,-1,0,SaidNew,1,5,117.04,900.8844444444445,6,1,-1,-1,-1,-1,-1,45,5TimeBarLoc_1st,-1,-1,100068,247484,11,1253,1253
A1T6QVMIXF74FF,FIRSTROUNDFULL,Identity,50,3000,22,1658870289917,42,1658870165250,1,SaidOld,1,1,144.04000000000002,236.1688888888889,2,1,289.6164855957031,543.0170516967773,4,2,339.62966327600475,45,5TimeBarLoc_1st,62.56082736634152,-21.43917263365848,104016,252376,42,1253,1253
A1T6QVMIXF74FF,FIRSTROUNDFULL,Identity,50,3000,23,1658870295302,30,1658870129144,1,SaidOld,1,42,1093.6133333333337,83.24000000000001,1,7,1122.6164855957031,292.01705169677734,2,7,210.7819730345862,45,5TimeBarLoc_1st,71.5025829036672,11.502582903667204,108654,257168,26,1253,1253
A1T6QVMIXF74FF,FIRSTROUNDFULL,Identity,50,3000,24,1658870300099,44,1658870171275,1,SaidOld,1,24,601.8266666666667,554.0266666666666,4,4,490.6164855957031,755.0170516967773,5,3,229.70598435475873,45,5TimeBarLoc_1st,86.35081916289607,-1.649180837103927,112478,262964,93,1253,1253
A1T6QVMIXF74FF,FIRSTROUNDFULL,Identity,50,3000,25,1658870305892,0,-1,0,SaidNew,1,24,601.8266666666667,554.0266666666666,4,4,-1,-1,-1,-1,-1,45,5TimeBarLoc_1st,-1,-1,118105,265521,38,1253,1253
A1T6QVMIXF74FF,FIRSTROUNDFULL,Identity,50,3000,26,1658870307950,38,1658870153208,1,SaidOld,1,37,936.6844444444445,418.09777777777776,3,6,911.6164855957031,393.01705169677734,3,6,35.46047633059043,45,5TimeBarLoc_1st,84.71013007347852,8.710130073478524,120699,269217,29,1253,1253
A1T6QVMIXF74FF,FIRSTROUNDFULL,Identity,50,3000,27,1658870312144,0,-1,0,SaidNew,1,37,936.6844444444445,418.09777777777776,3,6,-1,-1,-1,-1,-1,45,5TimeBarLoc_1st,-1,-1,124404,271820,21,1253,1253
A1T6QVMIXF74FF,FIRSTROUNDFULL,Identity,50,3000,28,1658870314247,10,1658870069003,1,SaidNew,0,19,433.89777777777783,866.8844444444445,6,3,-1,-1,-1,-1,-1,45,5TimeBarLoc_1st,-1,-1,126573,273989,92,1253,1253
A1T6QVMIXF74FF,FIRSTROUNDFULL,Identity,50,3000,29,1658870316425,0,-1,0,SaidNew,1,19,433.89777777777783,866.8844444444445,6,3,-1,-1,-1,-1,-1,45,5TimeBarLoc_1st,-1,-1,128427,275843,62,1253,1253
A1T6QVMIXF74FF,FIRSTROUNDFULL,Identity,50,3000,30,1658870318271,0,-1,0,SaidNew,1,19,433.89777777777783,866.8844444444445,6,3,-1,-1,-1,-1,-1,45,5TimeBarLoc_1st,-1,-1,130308,277724,91,1253,1253
A1T6QVMIXF74FF,FIRSTROUNDFULL,Identity,50,3000,31,1658870320149,0,-1,0,SaidNew,1,19,433.89777777777783,866.8844444444445,6,3,-1,-1,-1,-1,-1,45,5TimeBarLoc_1st,-1,-1,131744,279160,35,1253,1253
A1T6QVMIXF74FF,FIRSTROUNDFULL,Identity,50,3000,32,1658870321588,20,1658870099073,1,SaidOld,1,26,587.8266666666667,861.8844444444445,6,4,348.6164855957031,752.0170516967773,5,2,263.2344102072777,45,5TimeBarLoc_1st,36.8020086624859,-3.1979913375140967,135652,284464,99,1253,1253
A1T6QVMIXF74FF,FIRSTROUNDFULL,Identity,50,3000,33,1658870327416,0,-1,0,SaidNew,1,26,587.8266666666667,861.8844444444445,6,4,-1,-1,-1,-1,-1,45,5TimeBarLoc_1st,-1,-1,139367,286783,5,1253,1253
A1T6QVMIXF74FF,FIRSTROUNDFULL,Identity,50,3000,34,1658870329219,35,1658870144179,1,SaidOld,1,5,117.04,900.8844444444445,6,1,933.6164855957031,619.0170516967773,4,6,863.8555341735082,45,5TimeBarLoc_1st,26.95787412598057,-43.04212587401943,141985,291313,53,1253,1253
A1T6QVMIXF74FF,FIRSTROUNDFULL,Identity,50,3000,35,1658870334245,0,-1,0,SaidNew,1,5,117.04,900.8844444444445,6,1,-1,-1,-1,-1,-1,45,5TimeBarLoc_1st,-1,-1,146455,293871,78,1253,1253
A1T6QVMIXF74FF,FIRSTROUNDFULL,Identity,50,3000,36,1658870336293,0,-1,0,SaidNew,1,5,117.04,900.8844444444445,6,1,-1,-1,-1,-1,-1,45,5TimeBarLoc_1st,-1,-1,147868,295284,84,1253,1253
A1T6QVMIXF74FF,FIRSTROUNDFULL,Identity,50,3000,37,1658870337715,0,-1,0,SaidNew,1,5,117.04,900.8844444444445,6,1,-1,-1,-1,-1,-1,45,5TimeBarLoc_1st,-1,-1,149181,296597,2,1253,1253
A1T6QVMIXF74FF,FIRSTROUNDFULL,Identity,50,3000,38,1658870339022,17,1658870090054,1,SaidOld,1,19,433.89777777777783,866.8844444444445,6,3,605.6164855957031,861.0170516967773,6,4,171.81891895921524,45,5TimeBarLoc_1st,24.66090940079599,-9.33909059920401,151388,299726,79,1253,1253
A1T6QVMIXF74FF,FIRSTROUNDFULL,Identity,50,3000,39,1658870342650,13,1658870078032,1,SaidOld,1,30,755.7555555555555,395.09777777777776,3,5,287.6164855957031,702.0170516967773,5,2,559.7799831414495,45,5TimeBarLoc_1st,32.946389302354646,6.946389302354646,154843,303082,36,1253,1253
A1T6QVMIXF74FF,FIRSTROUNDFULL,Identity,50,3000,40,1658870346012,0,-1,0,SaidNew,1,30,755.7555555555555,395.09777777777776,3,5,-1,-1,-1,-1,-1,45,5TimeBarLoc_1st,-1,-1,157941,305357,50,1253,1253
A1T6QVMIXF74FF,FIRSTROUNDFULL,Identity,50,3000,41,1658870347785,47,1658870180309,1,SaidOld,1,32,763.7555555555555,736.9555555555555,5,5,807.6164855957031,171.01705169677734,1,5,567.6355973103687,45,5TimeBarLoc_1st,57.31062228020535,-36.68937771979465,161241,309226,41,1253,1253
A1T6QVMIXF74FF,FIRSTROUNDFULL,Identity,50,3000,42,1658870352150,0,-1,0,SaidNew,1,32,763.7555555555555,736.9555555555555,5,5,-1,-1,-1,-1,-1,45,5TimeBarLoc_1st,-1,-1,163816,311232,64,1253,1253
A1T6QVMIXF74FF,FIRSTROUNDFULL,Identity,50,3000,43,1658870353656,43,1658870168263,1,SaidOld,1,7,310.9688888888889,105.24000000000001,1,2,264.6164855957031,99.01705169677734,1,2,46.76826249326268,45,5TimeBarLoc_1st,96.03088479045965,10.030884790459652,165430,313836,67,1253,1253
A1T6QVMIXF74FF,FIRSTROUNDFULL,Identity,50,3000,44,1658870356769,50,1658870189337,1,SaidOld,1,26,587.8266666666667,861.8844444444445,6,4,772.6164855957031,979.0170516967773,7,5,218.78602528853463,45,5TimeBarLoc_1st,72.56903081178861,-27.430969188211392,169057,317074,39,1253,1253
A1T6QVMIXF74FF,FIRSTROUNDFULL,Identity,50,3000,45,1658870359996,0,-1,0,SaidNew,1,26,587.8266666666667,861.8844444444445,6,4,-1,-1,-1,-1,-1,45,5TimeBarLoc_1st,-1,-1,171717,319133,16,1253,1253
A1T6QVMIXF74FF,FIRSTROUNDFULL,Identity,50,3000,46,1658870361566,0,-1,0,SaidNew,1,26,587.8266666666667,861.8844444444445,6,4,-1,-1,-1,-1,-1,45,5TimeBarLoc_1st,-1,-1,173864,321280,56,1253,1253
A1T6QVMIXF74FF,FIRSTROUNDFULL,Identity,50,3000,47,1658870363706,0,-1,0,SaidNew,1,26,587.8266666666667,861.8844444444445,6,4,-1,-1,-1,-1,-1,45,5TimeBarLoc_1st,-1,-1,175276,322692,19,1253,1253
A1T6QVMIXF74FF,FIRSTROUNDFULL,Identity,50,3000,48,1658870365118,27,1658870120130,1,SaidOld,1,45,1071.6133333333335,546.0266666666666,4,7,310.6164855957031,464.01705169677734,3,2,765.4030175104614,45,5TimeBarLoc_1st,43.939006201452266,-10.060993798547734,178119,326935,34,1253,1253
A1T6QVMIXF74FF,FIRSTROUNDFULL,Identity,50,3000,49,1658870369858,0,-1,0,SaidOld,0,45,1071.6133333333335,546.0266666666666,4,7,769.6164855957031,861.0170516967773,6,5,436.3725916059381,45,5TimeBarLoc_1st,75.03006444591495,76.03006444591495,182332,330382,96,1253,1253
A1T6QVMIXF74FF,FIRSTROUNDFULL,Identity,50,3000,50,1658870373319,49,1658870186332,1,SaidOld,1,34,739.7555555555555,1013.8133333333335,7,5,753.6164855957031,860.0170516967773,6,5,154.41962837284893,45,5TimeBarLoc_1st,72.40496190284685,-25.59503809715315,185245,333352,68,1253,1253
A1M24593XO5Z3C,FIRSTROUNDFULL,Identity,50,3000,1,1658874849122,0,-1,0,SaidNew,1,33,344.3206349206349,407.5022222222222,6,5,-1,-1,-1,-1,-1,41,9TimeBarLoc_1st,-1,-1,18381,165852,92,586,586,1658874686085,26/07/2022@15,Mozilla/5.0(WindowsNT10.0;Win64;x64)AppleWebKit/537.36(KHTMLlikeGecko)Chrome/103.0.0.0Safari/537.36,1366,617,1366,768,453721
A1M24593XO5Z3C,FIRSTROUNDFULL,Identity,50,3000,2,1658874852457,0,-1,0,SaidNew,1,33,344.3206349206349,407.5022222222222,6,5,-1,-1,-1,-1,-1,41,9TimeBarLoc_1st,-1,-1,21609,169077,89,586,586
A1M24593XO5Z3C,FIRSTROUNDFULL,Identity,50,3000,3,1658874855668,0,-1,0,SaidNew,1,33,344.3206349206349,407.5022222222222,6,5,-1,-1,-1,-1,-1,41,9TimeBarLoc_1st,-1,-1,24334,171802,71,586,586
A1M24593XO5Z3C,FIRSTROUNDFULL,Identity,50,3000,4,1658874858395,0,-1,0,SaidNew,1,33,344.3206349206349,407.5022222222222,6,5,-1,-1,-1,-1,-1,41,9TimeBarLoc_1st,-1,-1,26312,173780,33,586,586
A1M24593XO5Z3C,FIRSTROUNDFULL,Identity,50,3000,5,1658874860375,0,-1,0,SaidNew,1,33,344.3206349206349,407.5022222222222,6,5,-1,-1,-1,-1,-1,41,9TimeBarLoc_1st,-1,-1,28751,176219,83,586,586
A1M24593XO5Z3C,FIRSTROUNDFULL,Identity,50,3000,6,1658874862824,28,1658874767325,1,SaidOld,1,11,136.5473015873016,329.5777777777777,5,2,345.578125,399.703125,6,5,220.4800432230272,41,9TimeBarLoc_1st,28.160387630662022,-27.839612369337985,31110,182946,15,586,586
A1M24593XO5Z3C,FIRSTROUNDFULL,Identity,50,3000,7,1658874870042,0,-1,0,SaidNew,1,11,136.5473015873016,329.5777777777777,5,2,-1,-1,-1,-1,-1,41,9TimeBarLoc_1st,-1,-1,38432,185900,20,586,586
A1M24593XO5Z3C,FIRSTROUNDFULL,Identity,50,3000,8,1658874872490,0,-1,0,SaidNew,1,11,136.5473015873016,329.5777777777777,5,2,-1,-1,-1,-1,-1,41,9TimeBarLoc_1st,-1,-1,40898,188366,5,586,586
A1M24593XO5Z3C,FIRSTROUNDFULL,Identity,50,3000,9,1658874874961,0,-1,0,SaidNew,1,11,136.5473015873016,329.5777777777777,5,2,-1,-1,-1,-1,-1,41,9TimeBarLoc_1st,-1,-1,42495,189963,44,586,586
A1M24593XO5Z3C,FIRSTROUNDFULL,Identity,50,3000,10,1658874876565,0,-1,0,SaidNew,1,11,136.5473015873016,329.5777777777777,5,2,-1,-1,-1,-1,-1,41,9TimeBarLoc_1st,-1,-1,44147,191615,32,586,586
A1M24593XO5Z3C,FIRSTROUNDFULL,Identity,50,3000,11,1658874878210,18,1658874737240,1,SaidOld,1,19,205.47174603174605,420.5022222222222,6,3,280.578125,338.703125,5,4,111.04981075217346,41,9TimeBarLoc_1st,67.53320993031359,31.53320993031359,50427,199899,98,586,586
A1M24593XO5Z3C,FIRSTROUNDFULL,Identity,50,3000,12,1658874886995,0,-1,0,SaidNew,1,19,205.47174603174605,420.5022222222222,6,3,-1,-1,-1,-1,-1,41,9TimeBarLoc_1st,-1,-1,55294,202762,69,586,586
A1M24593XO5Z3C,FIRSTROUNDFULL,Identity,50,3000,13,1658874889361,0,-1,0,SaidNew,1,19,205.47174603174605,420.5022222222222,6,3,-1,-1,-1,-1,-1,41,9TimeBarLoc_1st,-1,-1,57714,205183,74,586,586
A1M24593XO5Z3C,FIRSTROUNDFULL,Identity,50,3000,14,1658874891776,3,1658874692107,1,SaidOld,1,27,290.39619047619044,478.4266666666667,7,4,357.578125,466.703125,7,5,68.19716823718933,41,9TimeBarLoc_1st,27.986171602787458,21.986171602787458,60957,210281,85,586,586
A1M24593XO5Z3C,FIRSTROUNDFULL,Identity,50,3000,15,1658874897375,0,-1,0,SaidNew,1,27,290.39619047619044,478.4266666666667,7,4,-1,-1,-1,-1,-1,41,9TimeBarLoc_1st,-1,-1,66316,213785,79,586,586
A1M24593XO5Z3C,FIRSTROUNDFULL,Identity,50,3000,16,1658874900376,0,-1,0,SaidNew,1,27,290.39619047619044,478.4266666666667,7,4,-1,-1,-1,-1,-1,41,9TimeBarLoc_1st,-1,-1,67962,215430,24,586,586
A1M24593XO5Z3C,FIRSTROUNDFULL,Identity,50,3000,17,1658874902025,0,-1,0,SaidNew,1,27,290.39619047619044,478.4266666666667,7,4,-1,-1,-1,-1,-1,41,9TimeBarLoc_1st,-1,-1,71008,218476,36,586,586
A1M24593XO5Z3C,FIRSTROUNDFULL,Identity,50,3000,18,1658874905086,0,-1,0,SaidNew,1,27,290.39619047619044,478.4266666666667,7,4,-1,-1,-1,-1,-1,41,9TimeBarLoc_1st,-1,-1,72504,219972,47,586,586
A1M24593XO5Z3C,FIRSTROUNDFULL,Identity,50,3000,19,1658874906575,41,1658874806469,1,SaidNew,0,42,506.16952380952387,53.88,1,7,-1,-1,-1,-1,-1,41,9TimeBarLoc_1st,-1,-1,74075,221542,63,586,586
A1M24593XO5Z3C,FIRSTROUNDFULL,Identity,50,3000,20,1658874908135,5,1658874698133,1,SaidNew,0,16,219.47174603174605,186.72888888888892,3,3,-1,-1,-1,-1,-1,41,9TimeBarLoc_1st,-1,-1,75791,223258,25,586,586
A1M24593XO5Z3C,FIRSTROUNDFULL,Identity,50,3000,21,1658874909855,0,-1,0,SaidNew,1,16,219.47174603174605,186.72888888888892,3,3,-1,-1,-1,-1,-1,41,9TimeBarLoc_1st,-1,-1,78291,225759,65,586,586
A1M24593XO5Z3C,FIRSTROUNDFULL,Identity,50,3000,22,1658874912354,0,-1,0,SaidNew,1,16,219.47174603174605,186.72888888888892,3,3,-1,-1,-1,-1,-1,41,9TimeBarLoc_1st,-1,-1,80400,227868,84,586,586
A1M24593XO5Z3C,FIRSTROUNDFULL,Identity,50,3000,23,1658874914461,0,-1,0,SaidNew,1,16,219.47174603174605,186.72888888888892,3,3,-1,-1,-1,-1,-1,41,9TimeBarLoc_1st,-1,-1,82206,229674,72,586,586
A1M24593XO5Z3C,FIRSTROUNDFULL,Identity,50,3000,24,1658874916264,13,1658874722190,1,SaidOld,1,24,283.3961904761905,267.65333333333336,4,4,294.578125,49.703125,1,4,218.23686437501382,41,9TimeBarLoc_1st,11.435648954703833,-14.564351045296167,84460,235711,75,586,586
A1M24593XO5Z3C,FIRSTROUNDFULL,Identity,50,3000,25,1658874922804,31,1658874776357,1,SaidOld,1,1,54.62285714285715,110.80444444444446,2,1,339.578125,42.703125,1,5,292.9800238746838,41,9TimeBarLoc_1st,59.17084059233449,-2.8291594076655073,91964,242395,80,586,586
A1M24593XO5Z3C,FIRSTROUNDFULL,Identity,50,3000,26,1658874929484,1,1658874686096,1,SaidNew,0,10,140.5473015873016,262.65333333333336,4,2,-1,-1,-1,-1,-1,41,9TimeBarLoc_1st,-1,-1,97437,244906,53,586,586
A1M24593XO5Z3C,FIRSTROUNDFULL,Identity,50,3000,27,1658874931500,7,1658874704145,1,SaidOld,1,6,72.62285714285714,478.4266666666667,7,1,420.578125,309.703125,5,6,386.7046701839525,41,9TimeBarLoc_1st,57.95132839721254,43.95132839721254,100870,249739,22,586,586
A1M24593XO5Z3C,FIRSTROUNDFULL,Identity,50,3000,28,1658874936828,23,1658874752264,1,SaidOld,1,29,350.3206349206349,123.80444444444446,2,5,425.578125,282.703125,4,6,175.81945425732107,41,9TimeBarLoc_1st,67.88164198606272,21.881641986062718,105374,254365,7,586,586
A1M24593XO5Z3C,FIRSTROUNDFULL,Identity,50,3000,29,1658874941470,30,1658874773347,1,SaidOld,1,19,205.47174603174605,420.5022222222222,6,3,509.578125,64.703125,1,7,468.05308172613456,41,9TimeBarLoc_1st,80.2509799651568,20.2509799651568,110078,258843,40,586,586
A1M24593XO5Z3C,FIRSTROUNDFULL,Identity,50,3000,30,1658874945932,0,-1,0,SaidNew,1,19,205.47174603174605,420.5022222222222,6,3,-1,-1,-1,-1,-1,41,9TimeBarLoc_1st,-1,-1,114066,261535,46,586,586
A1M24593XO5Z3C,FIRSTROUNDFULL,Identity,50,3000,31,1658874948142,14,1658874725193,1,SaidOld,1,7,139.5473015873016,38.88,1,2,78.578125,209.703125,3,1,181.37745319774228,41,9TimeBarLoc_1st,63.352025261324044,35.352025261324044,116977,266133,76,586,586
A1M24593XO5Z3C,FIRSTROUNDFULL,Identity,50,3000,32,1658874953231,0,-1,0,SaidNew,1,7,139.5473015873016,38.88,1,2,-1,-1,-1,-1,-1,41,9TimeBarLoc_1st,-1,-1,121004,268471,34,586,586
A1M24593XO5Z3C,FIRSTROUNDFULL,Identity,50,3000,33,1658874955073,0,-1,0,SaidNew,1,7,139.5473015873016,38.88,1,2,-1,-1,-1,-1,-1,41,9TimeBarLoc_1st,-1,-1,122468,269935,60,586,586
A1M24593XO5Z3C,FIRSTROUNDFULL,Identity,50,3000,34,1658874956524,0,-1,0,SaidNew,1,7,139.5473015873016,38.88,1,2,-1,-1,-1,-1,-1,41,9TimeBarLoc_1st,-1,-1,123874,271342,12,586,586
A1M24593XO5Z3C,FIRSTROUNDFULL,Identity,50,3000,35,1658874957943,16,1658874731217,1,SaidNew,0,32,363.3206349206349,338.5777777777777,5,5,-1,-1,-1,-1,-1,41,9TimeBarLoc_1st,-1,-1,125167,272635,64,586,586
A1M24593XO5Z3C,FIRSTROUNDFULL,Identity,50,3000,36,1658874959233,0,-1,0,SaidNew,1,32,363.3206349206349,338.5777777777777,5,5,-1,-1,-1,-1,-1,41,9TimeBarLoc_1st,-1,-1,126732,274200,59,586,586
A1M24593XO5Z3C,FIRSTROUNDFULL,Identity,50,3000,37,1658874960793,50,1658874833552,1,SaidOld,1,33,344.3206349206349,407.5022222222222,6,5,194.578125,273.703125,4,3,200.81090033863478,41,9TimeBarLoc_1st,52.027983449477354,-47.972016550522646,129506,278016,66,586,586
A1M24593XO5Z3C,FIRSTROUNDFULL,Identity,50,3000,38,1658874965113,24,1658874755271,1,SaidNew,0,46,509.16952380952387,348.5777777777777,5,7,-1,-1,-1,-1,-1,41,9TimeBarLoc_1st,-1,-1,133369,280836,61,586,586
A1M24593XO5Z3C,FIRSTROUNDFULL,Identity,50,3000,39,1658874967432,11,1658874716179,1,SaidOld,1,4,58.62285714285715,332.5777777777777,5,1,133.578125,356.703125,5,2,78.74213965932611,41,9TimeBarLoc_1st,65.44261759581882,43.44261759581882,135521,284156,13,586,586
A1M24593XO5Z3C,FIRSTROUNDFULL,Identity,50,3000,40,1658874971257,0,-1,0,SaidNew,1,4,58.62285714285715,332.5777777777777,5,1,-1,-1,-1,-1,-1,41,9TimeBarLoc_1st,-1,-1,138865,286333,16,586,586
A1M24593XO5Z3C,FIRSTROUNDFULL,Identity,50,3000,41,1658874972922,33,1658874782375,1,SaidOld,1,24,283.3961904761905,267.65333333333336,4,4,155.578125,182.703125,3,2,153.47311086295366,41,9TimeBarLoc_1st,44.014046167247386,-21.985953832752614,141266,289867,14,586,586
A1M24593XO5Z3C,FIRSTROUNDFULL,Identity,50,3000,42,1658874976968,0,-1,0,SaidNew,1,24,283.3961904761905,267.65333333333336,4,4,-1,-1,-1,-1,-1,41,9TimeBarLoc_1st,-1,-1,144530,291997,2,586,586
A1M24593XO5Z3C,FIRSTROUNDFULL,Identity,50,3000,43,1658874978603,15,1658874728214,1,SaidNew,0,11,136.5473015873016,329.5777777777777,5,2,-1,-1,-1,-1,-1,41,9TimeBarLoc_1st,-1,-1,145975,293443,82,586,586
A1M24593XO5Z3C,FIRSTROUNDFULL,Identity,50,3000,44,1658874980034,43,1658874812476,1,SaidNew,0,12,142.5473015873016,413.5022222222222,6,2,-1,-1,-1,-1,-1,41,9TimeBarLoc_1st,-1,-1,147297,294766,51,586,586
A1M24593XO5Z3C,FIRSTROUNDFULL,Identity,50,3000,45,1658874981363,0,-1,0,SaidNew,1,12,142.5473015873016,413.5022222222222,6,2,-1,-1,-1,-1,-1,41,9TimeBarLoc_1st,-1,-1,149889,297357,100,586,586
A1M24593XO5Z3C,FIRSTROUNDFULL,Identity,50,3000,46,1658874983951,19,1658874740244,1,SaidNew,0,44,490.16952380952387,186.72888888888892,3,7,-1,-1,-1,-1,-1,41,9TimeBarLoc_1st,-1,-1,151377,298844,67,586,586
A1M24593XO5Z3C,FIRSTROUNDFULL,Identity,50,3000,47,1658874985437,0,-1,0,SaidNew,1,44,490.16952380952387,186.72888888888892,3,7,-1,-1,-1,-1,-1,41,9TimeBarLoc_1st,-1,-1,152979,300447,21,586,586
A1M24593XO5Z3C,FIRSTROUNDFULL,Identity,50,3000,48,1658874987035,38,1658874797435,1,SaidNew,0,14,208.47174603174605,40.88,1,3,-1,-1,-1,-1,-1,41,9TimeBarLoc_1st,-1,-1,154453,301922,97,586,586
A1M24593XO5Z3C,FIRSTROUNDFULL,Identity,50,3000,49,1658874988523,26,1658874761284,1,SaidOld,1,6,72.62285714285714,478.4266666666667,7,1,131.578125,258.703125,4,2,227.49540296597394,41,9TimeBarLoc_1st,31.81892421602787,-20.18107578397213,156388,305052,55,586,586
A1M24593XO5Z3C,FIRSTROUNDFULL,Identity,50,3000,50,1658874992147,0,-1,0,SaidNew,1,6,72.62285714285714,478.4266666666667,7,1,-1,-1,-1,-1,-1,41,9TimeBarLoc_1st,-1,-1,159817,307286,26,586,586
