AXPZAP62ZYWP8,FIRSTROUNDFULL,Temporal,50,3000,1,1658873626233,48,1658873578045,1,SaidOld,1,26,608.7542857142857,876.6933333333333,6,4,13.625,780.875,5,0,602.793513334022,48,2,96,1.7900241351568784,-94.20997586484312,55569,207574,71,1257,1257,1658873436627,26/07/2022@18,Mozilla/5.0(WindowsNT10.0;Win64;x64)AppleWebKit/537.36(KHTMLlikeGecko)Chrome/103.0.0.0Safari/537.36,514,1323,2560,1440,518516
AXPZAP62ZYWP8,FIRSTROUNDFULL,Test,50,3000,2,1658873645207,0,-1,0,SaidNew,1,26,608.7542857142857,876.6933333333333,6,4,-1,-1,-1,-1,-1,48,2,-1,-1,-1,63137,210562,36,1257,1257
AXPZAP62ZYWP8,FIRSTROUNDFULL,Test,50,3000,3,1658873647692,37,1658873544936,1,SaidOld,1,14,436.3276190476191,106.55999999999999,1,3,921.625,98.875,1,6,485.35822562746404,48,2,74,57.6226870474658,-16.377312952534197,65499,220246,67,1257,1257
AXPZAP62ZYWP8,FIRSTROUNDFULL,Test,50,3000,4,1658873657877,0,-1,0,SaidNew,1,14,436.3276190476191,106.55999999999999,1,3,-1,-1,-1,-1,-1,48,2,-1,-1,-1,75296,222721,100,1257,1257
AXPZAP62ZYWP8,FIRSTROUNDFULL,Test,50,3000,5,1658873659859,0,-1,0,SaidNew,1,14,436.3276190476191,106.55999999999999,1,3,-1,-1,-1,-1,-1,48,2,-1,-1,-1,77091,224516,87,1257,1257
AXPZAP62ZYWP8,FIRSTROUNDFULL,Test,50,3000,6,1658873661657,25,1658873508829,1,SaidOld,1,44,1091.0342857142855,417.4133333333334,3,7,895.625,847.875,6,6,472.7388659850294,48,2,50,59.633950120675784,9.633950120675784,81512,230394,82,1257,1257
AXPZAP62ZYWP8,FIRSTROUNDFULL,Test,50,3000,7,1658873668023,0,-1,0,SaidNew,1,44,1091.0342857142855,417.4133333333334,3,7,-1,-1,-1,-1,-1,48,2,-1,-1,-1,88017,235442,75,1257,1257
AXPZAP62ZYWP8,FIRSTROUNDFULL,Test,50,3000,8,1658873672572,36,1658873541930,1,SaidOld,1,15,443.3276190476191,245.98666666666665,2,3,437.625,235.875,2,3,11.6088615626187,48,2,72,30.34995977473854,-41.65004022526146,92743,241726,99,1257,1257
AXPZAP62ZYWP8,FIRSTROUNDFULL,Test,50,3000,9,1658873679355,50,1658873584052,1,SaidOld,1,11,274.9009523809524,706.2666666666665,5,2,306.625,1003.875,7,2,299.2943956487995,48,2,100,43.865647626709574,-56.134352373290426,97843,246912,46,1257,1257
AXPZAP62ZYWP8,FIRSTROUNDFULL,Test,50,3000,10,1658873684541,10,1658873463697,1,SaidOld,1,34,744.1809523809524,1021.12,7,5,736.625,1005.875,7,5,17.014771270376215,48,2,20,25.281576830249396,5.281576830249396,106143,254945,52,1257,1257
AXPZAP62ZYWP8,FIRSTROUNDFULL,Test,50,3000,11,1658873692573,0,-1,0,SaidNew,1,34,744.1809523809524,1021.12,7,5,-1,-1,-1,-1,-1,48,2,-1,-1,-1,109653,257078,88,1257,1257
AXPZAP62ZYWP8,FIRSTROUNDFULL,Test,50,3000,12,1658873694206,0,-1,0,SaidNew,1,34,744.1809523809524,1021.12,7,5,-1,-1,-1,-1,-1,48,2,-1,-1,-1,111123,258548,68,1257,1257
AXPZAP62ZYWP8,FIRSTROUNDFULL,Test,50,3000,13,1658873695677,43,1658873563004,1,SaidNew,0,0,123.4742857142857,93.55999999999999,1,1,-1,-1,-1,-1,-1,48,2,86,-1,-1,112470,259895,97,1257,1257
AXPZAP62ZYWP8,FIRSTROUNDFULL,Test,50,3000,14,1658873697026,18,1658873487766,1,SaidOld,1,5,152.4742857142857,890.6933333333333,6,1,255.625,577.875,4,2,329.386368156148,48,2,36,78.13757039420757,42.13757039420757,114822,263942,98,1257,1257
AXPZAP62ZYWP8,FIRSTROUNDFULL,Test,50,3000,15,1658873701571,8,1658873457688,1,SaidOld,1,20,445.3276190476191,1040.12,7,3,310.625,869.875,6,2,217.0902015367989,48,2,16,33.1657280772325,17.1657280772325,118864,267667,21,1257,1257
AXPZAP62ZYWP8,FIRSTROUNDFULL,Test,50,3000,16,1658873705295,14,1658873475742,1,SaidOld,1,14,436.3276190476191,106.55999999999999,1,3,420.625,93.875,1,3,20.18617026467999,48,2,28.000000000000004,28.901850362027353,0.9018503620273499,122468,271342,45,1257,1257
AXPZAP62ZYWP8,FIRSTROUNDFULL,Test,50,3000,17,1658873708970,0,-1,0,SaidNew,1,14,436.3276190476191,106.55999999999999,1,3,-1,-1,-1,-1,-1,48,2,-1,-1,-1,126031,273456,51,1257,1257
AXPZAP62ZYWP8,FIRSTROUNDFULL,Test,50,3000,18,1658873710586,19,1658873490770,1,SaidOld,1,8,302.9009523809524,265.9866666666667,2,2,571.625,871.875,6,4,662.8071259712049,48,2,38,33.7288817377313,-4.2711182622687005,128143,276723,16,1257,1257
AXPZAP62ZYWP8,FIRSTROUNDFULL,Test,50,3000,19,1658873714352,39,1658873550956,1,SaidOld,1,8,302.9009523809524,265.9866666666667,2,2,174.625,406.875,3,1,190.53672199522276,48,2,78,55.69187449718424,-22.308125502815763,132021,280635,76,1257,1257
AXPZAP62ZYWP8,FIRSTROUNDFULL,Test,50,3000,20,1658873718263,38,1658873547949,1,SaidOld,1,41,936.6076190476191,1062.12,7,6,929.625,1042.875,7,6,20.472591281129237,48,2,76,35.740144810941274,-40.259855189058726,135697,284385,44,1257,1257
AXPZAP62ZYWP8,FIRSTROUNDFULL,Test,50,3000,21,1658873722013,0,-1,0,SaidNew,1,41,936.6076190476191,1062.12,7,6,-1,-1,-1,-1,-1,48,2,-1,-1,-1,139063,286488,23,1257,1257
AXPZAP62ZYWP8,FIRSTROUNDFULL,Test,50,3000,22,1658873723628,24,1658873505819,1,SaidOld,1,14,436.3276190476191,106.55999999999999,1,3,589.625,262.875,2,4,218.9394122396865,48,2,48,34.69428801287208,-13.305711987127921,141646,290314,72,1257,1257
AXPZAP62ZYWP8,FIRSTROUNDFULL,Test,50,3000,23,1658873727942,0,-1,0,SaidNew,1,14,436.3276190476191,106.55999999999999,1,3,-1,-1,-1,-1,-1,48,2,-1,-1,-1,144991,292416,25,1257,1257
AXPZAP62ZYWP8,FIRSTROUNDFULL,Test,50,3000,24,1658873729544,0,-1,0,SaidNew,1,14,436.3276190476191,106.55999999999999,1,3,-1,-1,-1,-1,-1,48,2,-1,-1,-1,146671,294096,42,1257,1257
AXPZAP62ZYWP8,FIRSTROUNDFULL,Test,50,3000,25,1658873731224,0,-1,0,SaidNew,1,14,436.3276190476191,106.55999999999999,1,3,-1,-1,-1,-1,-1,48,2,-1,-1,-1,148174,295599,6,1257,1257
AXPZAP62ZYWP8,FIRSTROUNDFULL,Test,50,3000,26,1658873732735,0,-1,0,SaidNew,1,14,436.3276190476191,106.55999999999999,1,3,-1,-1,-1,-1,-1,48,2,-1,-1,-1,149822,297247,92,1257,1257
AXPZAP62ZYWP8,FIRSTROUNDFULL,Test,50,3000,27,1658873734376,31,1658873526883,1,SaidOld,1,17,429.3276190476191,567.84,4,3,429.625,843.875,6,3,276.03516018875354,48,2,62,59.71440064360418,-2.285599356395821,151749,300441,37,1257,1257
AXPZAP62ZYWP8,FIRSTROUNDFULL,Test,50,3000,28,1658873738069,23,1658873502812,1,SaidOld,1,44,1091.0342857142855,417.4133333333334,3,7,1070.625,431.875,3,7,25.013571239331526,48,2,46,36.62510056315366,-9.374899436846341,155217,304082,80,1257,1257
AXPZAP62ZYWP8,FIRSTROUNDFULL,Test,50,3000,29,1658873741711,5,1658873448669,1,SaidOld,1,43,1054.0342857142857,278.9866666666667,2,7,462.625,429.875,3,3,610.3541859979275,48,2,10,56.737731295253425,46.737731295253425,162773,311135,55,1257,1257
AXPZAP62ZYWP8,FIRSTROUNDFULL,Test,50,3000,30,1658873748770,0,-1,0,SaidNew,1,43,1054.0342857142857,278.9866666666667,2,7,-1,-1,-1,-1,-1,48,2,-1,-1,-1,172281,319706,34,1257,1257
AXPZAP62ZYWP8,FIRSTROUNDFULL,Test,50,3000,31,1658873756839,44,1658873566014,1,SaidOld,1,24,627.7542857142857,584.84,4,4,922.625,372.875,3,6,363.1499681514062,48,2,88,28.33869670152856,-59.66130329847144,177796,326281,78,1257,1257
AXPZAP62ZYWP8,FIRSTROUNDFULL,Test,50,3000,32,1658873763910,9,1658873460696,1,SaidOld,1,24,627.7542857142857,584.84,4,4,268.625,382.875,3,2,412.0239132412743,48,2,18,31.074014481094125,13.074014481094125,180955,329010,40,1257,1257
AXPZAP62ZYWP8,FIRSTROUNDFULL,Test,50,3000,33,1658873766637,0,-1,0,SaidNew,1,24,627.7542857142857,584.84,4,4,-1,-1,-1,-1,-1,48,2,-1,-1,-1,183626,331051,8,1257,1257
AXPZAP62ZYWP8,FIRSTROUNDFULL,Test,50,3000,34,1658873768185,0,-1,0,SaidOld,0,24,627.7542857142857,584.84,4,4,781.625,245.875,2,5,372.25457410191206,48,2,-1,10.80048270313757,11.80048270313757,185957,335956,60,1257,1257
AXPZAP62ZYWP8,FIRSTROUNDFULL,Test,50,3000,35,1658873773584,0,-1,0,SaidNew,1,24,627.7542857142857,584.84,4,4,-1,-1,-1,-1,-1,48,2,-1,-1,-1,190497,337922,30,1257,1257
AXPZAP62ZYWP8,FIRSTROUNDFULL,Test,50,3000,36,1658873775063,27,1658873514846,1,SaidOld,1,28,750.1809523809524,101.55999999999997,1,5,766.625,277.875,2,5,177.08016807959473,48,2,54,62.53016894609815,8.53016894609815,192409,340976,56,1257,1257
AXPZAP62ZYWP8,FIRSTROUNDFULL,Test,50,3000,37,1658873778604,45,1658873569017,1,SaidOld,1,35,928.6076190476191,99.55999999999997,1,6,462.625,451.875,3,3,584.1794762566368,48,2,90,60.760257441673375,-29.239742558326625,195921,344659,17,1257,1257
AXPZAP62ZYWP8,FIRSTROUNDFULL,Test,50,3000,38,1658873782287,29,1658873520869,1,SaidOld,1,7,307.9009523809524,99.55999999999997,1,2,428.625,120.875,1,3,122.5912920990968,48,2,57.99999999999999,78.13757039420757,20.13757039420758,199430,348432,41,1257,1257
AXPZAP62ZYWP8,FIRSTROUNDFULL,Test,50,3000,39,1658873786059,0,-1,0,SaidNew,1,7,307.9009523809524,99.55999999999997,1,2,-1,-1,-1,-1,-1,48,2,-1,-1,-1,202934,350359,39,1257,1257
AXPZAP62ZYWP8,FIRSTROUNDFULL,Test,50,3000,40,1658873787488,4,1658873445659,1,SaidOld,1,48,1059.0342857142857,1050.12,7,7,297.625,538.875,4,2,917.123519705464,48,2,8,75.72405470635559,67.72405470635559,204823,353488,91,1257,1257
AXPZAP62ZYWP8,FIRSTROUNDFULL,Test,50,3000,41,1658873791116,0,-1,0,SaidNew,1,48,1059.0342857142857,1050.12,7,7,-1,-1,-1,-1,-1,48,2,-1,-1,-1,208129,355554,38,1257,1257
AXPZAP62ZYWP8,FIRSTROUNDFULL,Test,50,3000,42,1658873792682,0,-1,0,SaidOld,0,48,1059.0342857142857,1050.12,7,7,602.625,717.875,5,4,564.5318202822799,48,2,-1,68.32260659694288,69.32260659694288,210713,359271,89,1257,1257
AXPZAP62ZYWP8,FIRSTROUNDFULL,Test,50,3000,43,1658873796898,0,-1,0,SaidNew,1,48,1059.0342857142857,1050.12,7,7,-1,-1,-1,-1,-1,48,2,-1,-1,-1,214211,361636,12,1257,1257
AXPZAP62ZYWP8,FIRSTROUNDFULL,Test,50,3000,44,1658873798772,0,-1,0,SaidNew,1,48,1059.0342857142857,1050.12,7,7,-1,-1,-1,-1,-1,48,2,-1,-1,-1,215480,362905,83,1257,1257
AXPZAP62ZYWP8,FIRSTROUNDFULL,Test,50,3000,45,1658873800042,0,-1,0,SaidNew,1,48,1059.0342857142857,1050.12,7,7,-1,-1,-1,-1,-1,48,2,-1,-1,-1,216702,364127,81,1257,1257
AXPZAP62ZYWP8,FIRSTROUNDFULL,Test,50,3000,46,1658873801264,0,-1,0,SaidNew,1,48,1059.0342857142857,1050.12,7,7,-1,-1,-1,-1,-1,48,2,-1,-1,-1,217907,365332,1,1257,1257
AXPZAP62ZYWP8,FIRSTROUNDFULL,Test,50,3000,47,1658873802472,1,1658873436634,1,SaidOld,1,24,627.7542857142857,584.84,4,4,608.625,758.875,5,4,175.08315394959837,48,2,2,58.0249396621078,56.0249396621078,219848,368405,48,1257,1257
AXPZAP62ZYWP8,FIRSTROUNDFULL,Test,50,3000,48,1658873806033,0,-1,0,SaidNew,1,24,627.7542857142857,584.84,4,4,-1,-1,-1,-1,-1,48,2,-1,-1,-1,223079,370504,96,1257,1257
AXPZAP62ZYWP8,FIRSTROUNDFULL,Test,50,3000,49,1658873807637,0,-1,0,SaidNew,1,24,627.7542857142857,584.84,4,4,-1,-1,-1,-1,-1,48,2,-1,-1,-1,224837,372262,62,1257,1257
AXPZAP62ZYWP8,FIRSTROUNDFULL,Test,50,3000,50,1658873809401,0,-1,0,SaidNew,1,24,627.7542857142857,584.84,4,4,-1,-1,-1,-1,-1,48,2,-1,-1,-1,226057,373482,95,1257,1257
A1SK77UV16VAHF,FIRSTROUNDFULL,Temporal,50,3000,1,1658881070835,4,1658880897543,1,SaidNew,0,8,180.32507936507938,153.58222222222224,2,2,-1,-1,-1,-1,-1,40,10,8,-1,-1,44080,191768,75,761,761,1658880888480,26/07/2022@17,Mozilla/5.0(WindowsNT10.0;Win64;x64)AppleWebKit/537.36(KHTMLlikeGecko)Chrome/103.0.0.0Safari/537.36,911,791,1368,912,460296
A1SK77UV16VAHF,FIRSTROUNDFULL,Test,50,3000,2,1658881080764,0,-1,0,SaidNew,1,8,180.32507936507938,153.58222222222224,2,2,-1,-1,-1,-1,-1,40,10,-1,-1,-1,53099,200787,55,761,761
A1SK77UV16VAHF,FIRSTROUNDFULL,Test,50,3000,3,1658881089776,30,1658880975893,1,SaidOld,1,1,72.62285714285716,150.58222222222224,2,1,557.9453125,476.953125,5,6,584.855411066588,40,10,60,34.5771196380697,-25.422880361930297,56322,208294,46,761,761
A1SK77UV16VAHF,FIRSTROUNDFULL,Test,50,3000,4,1658881097782,0,-1,0,SaidNew,1,1,72.62285714285716,150.58222222222224,2,1,-1,-1,-1,-1,-1,40,10,-1,-1,-1,62977,210665,32,761,761
A1SK77UV16VAHF,FIRSTROUNDFULL,Test,50,3000,5,1658881099651,0,-1,0,SaidNew,1,1,72.62285714285716,150.58222222222224,2,1,-1,-1,-1,-1,-1,40,10,-1,-1,-1,64943,212631,45,761,761
A1SK77UV16VAHF,FIRSTROUNDFULL,Test,50,3000,6,1658881101631,0,-1,0,SaidNew,1,1,72.62285714285716,150.58222222222224,2,1,-1,-1,-1,-1,-1,40,10,-1,-1,-1,66481,214169,16,761,761
A1SK77UV16VAHF,FIRSTROUNDFULL,Test,50,3000,7,1658881103171,46,1658881024090,1,SaidOld,1,20,284.0273015873016,634.0933333333332,7,3,356.9453125,453.453125,5,4,194.8022617480979,40,10,92,43.15620810991957,-48.84379189008043,68685,218296,74,761,761
A1SK77UV16VAHF,FIRSTROUNDFULL,Test,50,3000,8,1658881107781,0,-1,0,SaidNew,1,20,284.0273015873016,634.0933333333332,7,3,-1,-1,-1,-1,-1,40,10,-1,-1,-1,72772,220459,19,761,761
A1SK77UV16VAHF,FIRSTROUNDFULL,Test,50,3000,9,1658881109444,49,1658881033151,1,SaidOld,1,16,265.0273015873016,262.2844444444445,3,3,181.9453125,342.453125,4,2,115.45403523793013,40,10,98,45.43502848525469,-52.56497151474531,74759,224229,10,761,761
A1SK77UV16VAHF,FIRSTROUNDFULL,Test,50,3000,10,1658881113714,26,1658880963830,1,SaidOld,1,46,663.8361904761904,434.6888888888889,5,7,472.9453125,143.453125,2,5,348.22061607903896,40,10,52,47.31170408847185,-4.688295911528151,79889,228669,82,761,761
A1SK77UV16VAHF,FIRSTROUNDFULL,Test,50,3000,11,1658881118165,0,-1,0,SaidNew,1,46,663.8361904761904,434.6888888888889,5,7,-1,-1,-1,-1,-1,40,10,-1,-1,-1,83541,231229,96,761,761
A1SK77UV16VAHF,FIRSTROUNDFULL,Test,50,3000,12,1658881120231,1,1658880888520,1,SaidOld,1,15,283.0273015873016,157.58222222222224,2,3,576.9453125,416.453125,5,6,391.66559900488926,40,10,2,12.995350201072387,10.995350201072387,86300,234771,69,761,761
A1SK77UV16VAHF,FIRSTROUNDFULL,Test,50,3000,13,1658881124255,0,-1,0,SaidNew,1,15,283.0273015873016,157.58222222222224,2,3,-1,-1,-1,-1,-1,40,10,-1,-1,-1,89570,237258,67,761,761
A1SK77UV16VAHF,FIRSTROUNDFULL,Test,50,3000,14,1658881126261,0,-1,0,SaidNew,1,15,283.0273015873016,157.58222222222224,2,3,-1,-1,-1,-1,-1,40,10,-1,-1,-1,91771,239459,62,761,761
A1SK77UV16VAHF,FIRSTROUNDFULL,Test,50,3000,15,1658881128450,0,-1,0,SaidNew,1,15,283.0273015873016,157.58222222222224,2,3,-1,-1,-1,-1,-1,40,10,-1,-1,-1,93276,240963,61,761,761
A1SK77UV16VAHF,FIRSTROUNDFULL,Test,50,3000,16,1658881129950,0,-1,0,SaidNew,1,15,283.0273015873016,157.58222222222224,2,3,-1,-1,-1,-1,-1,40,10,-1,-1,-1,94898,242585,43,761,761
A1SK77UV16VAHF,FIRSTROUNDFULL,Test,50,3000,17,1658881131581,8,1658880909604,1,SaidOld,1,1,72.62285714285716,150.58222222222224,2,1,82.9453125,242.953125,3,1,92.94588083708648,40,10,16,32.70044403485255,16.700444034852552,97146,246123,52,761,761
A1SK77UV16VAHF,FIRSTROUNDFULL,Test,50,3000,18,1658881135625,0,-1,0,SaidNew,1,1,72.62285714285716,150.58222222222224,2,1,-1,-1,-1,-1,-1,40,10,-1,-1,-1,100872,248560,3,761,761
A1SK77UV16VAHF,FIRSTROUNDFULL,Test,50,3000,19,1658881137561,0,-1,0,SaidOld,0,1,72.62285714285716,150.58222222222224,2,1,356.9453125,255.953125,3,4,303.2198637499173,40,10,-1,44.09454591152815,45.09454591152815,103244,251783,49,761,761
A1SK77UV16VAHF,FIRSTROUNDFULL,Test,50,3000,20,1658881141268,0,-1,0,SaidNew,1,1,72.62285714285716,150.58222222222224,2,1,-1,-1,-1,-1,-1,40,10,-1,-1,-1,106997,254686,5,761,761
A1SK77UV16VAHF,FIRSTROUNDFULL,Test,50,3000,21,1658881143691,0,-1,0,SaidNew,1,1,72.62285714285716,150.58222222222224,2,1,-1,-1,-1,-1,-1,40,10,-1,-1,-1,108684,256372,85,761,761
A1SK77UV16VAHF,FIRSTROUNDFULL,Test,50,3000,22,1658881145361,0,-1,0,SaidNew,1,1,72.62285714285716,150.58222222222224,2,1,-1,-1,-1,-1,-1,40,10,-1,-1,-1,110113,257802,28,761,761
A1SK77UV16VAHF,FIRSTROUNDFULL,Test,50,3000,23,1658881146792,27,1658880966842,1,SaidOld,1,16,265.0273015873016,262.2844444444445,3,3,448.9453125,567.453125,6,5,356.3057090899641,40,10,54,39.13476038873995,-14.865239611260051,112045,260765,31,761,761
A1SK77UV16VAHF,FIRSTROUNDFULL,Test,50,3000,24,1658881150251,33,1658880984931,1,SaidOld,1,10,190.32507936507938,344.9866666666667,4,2,292.9453125,258.953125,3,3,133.91296628921162,40,10,66,44.09454591152815,-21.90545408847185,116279,264723,21,761,761
A1SK77UV16VAHF,FIRSTROUNDFULL,Test,50,3000,25,1658881154209,40,1658881006023,1,SaidOld,1,34,465.43174603174606,622.0933333333332,7,5,468.9453125,549.453125,6,5,72.72513331742263,40,10,80,59.91224028150134,-20.08775971849866,119553,268198,14,761,761
A1SK77UV16VAHF,FIRSTROUNDFULL,Test,50,3000,26,1658881157686,0,-1,0,SaidNew,1,34,465.43174603174606,622.0933333333332,7,5,-1,-1,-1,-1,-1,40,10,-1,-1,-1,122478,270167,23,761,761
A1SK77UV16VAHF,FIRSTROUNDFULL,Test,50,3000,27,1658881159170,6,1658880903563,1,SaidOld,1,5,83.62285714285716,525.3911111111111,6,1,86.9453125,223.453125,3,1,301.95626532071446,40,10,12,61.386771112600535,49.386771112600535,124920,273655,83,761,761
A1SK77UV16VAHF,FIRSTROUNDFULL,Test,50,3000,28,1658881163145,44,1658881018060,1,SaidNew,0,25,357.7295238095238,448.6888888888889,5,4,-1,-1,-1,-1,-1,40,10,88,-1,-1,128215,275903,24,761,761
A1SK77UV16VAHF,FIRSTROUNDFULL,Test,50,3000,29,1658881164887,0,-1,0,SaidNew,1,25,357.7295238095238,448.6888888888889,5,4,-1,-1,-1,-1,-1,40,10,-1,-1,-1,130289,277976,89,761,761
A1SK77UV16VAHF,FIRSTROUNDFULL,Test,50,3000,30,1658881166977,21,1658880948779,1,SaidOld,1,19,284.0273015873016,529.3911111111111,6,3,372.9453125,178.953125,2,4,361.5427979842525,40,10,42,60.44843331099196,18.44843331099196,132898,281198,29,761,761
A1SK77UV16VAHF,FIRSTROUNDFULL,Test,50,3000,31,1658881170682,14,1658880927684,1,SaidOld,1,39,560.1339682539682,432.6888888888889,5,6,563.9453125,548.953125,6,6,116.32669058931378,40,10,28.000000000000004,79.48328585790885,51.483285857908854,136141,284922,78,761,761
A1SK77UV16VAHF,FIRSTROUNDFULL,Test,50,3000,32,1658881174407,0,-1,0,SaidNew,1,39,560.1339682539682,432.6888888888889,5,6,-1,-1,-1,-1,-1,40,10,-1,-1,-1,139638,287325,63,761,761
A1SK77UV16VAHF,FIRSTROUNDFULL,Test,50,3000,33,1658881176323,0,-1,0,SaidNew,1,39,560.1339682539682,432.6888888888889,5,6,-1,-1,-1,-1,-1,40,10,-1,-1,-1,141371,289059,94,761,761
A1SK77UV16VAHF,FIRSTROUNDFULL,Test,50,3000,34,1658881178058,35,1658880990958,1,SaidNew,0,16,265.0273015873016,262.2844444444445,3,3,-1,-1,-1,-1,-1,40,10,70,-1,-1,142721,290408,30,761,761
A1SK77UV16VAHF,FIRSTROUNDFULL,Test,50,3000,35,1658881179407,37,1658880996992,1,SaidNew,0,42,644.8361904761904,66.88000000000001,1,7,-1,-1,-1,-1,-1,40,10,74,-1,-1,144357,292045,71,761,761
A1SK77UV16VAHF,FIRSTROUNDFULL,Test,50,3000,36,1658881181037,0,-1,0,SaidNew,1,42,644.8361904761904,66.88000000000001,1,7,-1,-1,-1,-1,-1,40,10,-1,-1,-1,146278,293966,40,761,761
A1SK77UV16VAHF,FIRSTROUNDFULL,Test,50,3000,37,1658881182968,29,1658880972872,1,SaidOld,1,12,164.32507936507935,520.3911111111111,6,2,471.9453125,557.453125,6,5,309.844801001216,40,10,57.99999999999999,55.890792560321714,-2.109207439678279,149604,298233,51,761,761
A1SK77UV16VAHF,FIRSTROUNDFULL,Test,50,3000,38,1658881187718,0,-1,0,SaidOld,0,12,164.32507936507935,520.3911111111111,6,2,582.9453125,253.953125,3,6,496.21779495789946,40,10,-1,57.36532339142091,58.36532339142091,153976,302813,68,761,761
A1SK77UV16VAHF,FIRSTROUNDFULL,Test,50,3000,39,1658881192297,0,-1,0,SaidNew,1,12,164.32507936507935,520.3911111111111,6,2,-1,-1,-1,-1,-1,40,10,-1,-1,-1,157052,304740,59,761,761
A1SK77UV16VAHF,FIRSTROUNDFULL,Test,50,3000,40,1658881193739,34,1658880987942,1,SaidOld,1,40,557.1339682539682,541.3911111111111,6,6,275.9453125,352.953125,4,3,338.49067156176534,40,10,68,51.601248324396785,-16.398751675603215,159635,308115,98,761,761
A1SK77UV16VAHF,FIRSTROUNDFULL,Test,50,3000,41,1658881197608,0,-1,0,SaidNew,1,40,557.1339682539682,541.3911111111111,6,6,-1,-1,-1,-1,-1,40,10,-1,-1,-1,162538,310226,11,761,761
A1SK77UV16VAHF,FIRSTROUNDFULL,Test,50,3000,42,1658881199228,0,-1,0,SaidNew,1,40,557.1339682539682,541.3911111111111,6,6,-1,-1,-1,-1,-1,40,10,-1,-1,-1,164899,312587,1,761,761
A1SK77UV16VAHF,FIRSTROUNDFULL,Test,50,3000,43,1658881201587,16,1658880933713,1,SaidNew,0,25,357.7295238095238,448.6888888888889,5,4,-1,-1,-1,-1,-1,40,10,32,-1,-1,166365,314052,81,761,761
A1SK77UV16VAHF,FIRSTROUNDFULL,Test,50,3000,44,1658881203038,0,-1,0,SaidNew,1,25,357.7295238095238,448.6888888888889,5,4,-1,-1,-1,-1,-1,40,10,-1,-1,-1,167810,315498,41,761,761
A1SK77UV16VAHF,FIRSTROUNDFULL,Test,50,3000,45,1658881204487,0,-1,0,SaidNew,1,25,357.7295238095238,448.6888888888889,5,4,-1,-1,-1,-1,-1,40,10,-1,-1,-1,169284,316971,39,761,761
A1SK77UV16VAHF,FIRSTROUNDFULL,Test,50,3000,46,1658881205968,0,-1,0,SaidNew,1,25,357.7295238095238,448.6888888888889,5,4,-1,-1,-1,-1,-1,40,10,-1,-1,-1,170917,318605,80,761,761
A1SK77UV16VAHF,FIRSTROUNDFULL,Test,50,3000,47,1658881207608,23,1658880954792,1,SaidOld,1,29,460.43174603174606,157.58222222222224,2,5,188.9453125,255.453125,3,2,288.58897623146385,40,10,46,50.66291052278821,4.662910522788209,173492,321658,95,761,761
A1SK77UV16VAHF,FIRSTROUNDFULL,Test,50,3000,48,1658881211151,47,1658881027110,1,SaidOld,1,16,265.0273015873016,262.2844444444445,3,3,541.9453125,143.953125,2,6,301.14097351457923,40,10,94,54.28221347184986,-39.71778652815014,176718,324862,50,761,761
A1SK77UV16VAHF,FIRSTROUNDFULL,Test,50,3000,49,1658881214362,0,-1,0,SaidNew,1,16,265.0273015873016,262.2844444444445,3,3,-1,-1,-1,-1,-1,40,10,-1,-1,-1,179717,327405,92,761,761
A1SK77UV16VAHF,FIRSTROUNDFULL,Test,50,3000,50,1658881216397,5,1658880900553,1,SaidNew,0,39,560.1339682539682,432.6888888888889,5,6,-1,-1,-1,-1,-1,40,10,10,-1,-1,181141,328829,88,761,761
A1YVMDRR9W1LZ1,FIRSTROUNDFULL,Temporal,50,3000,1,1658875813960,18,1658875707047,1,SaidOld,1,26,411.4019047619048,590.3155555555555,6,4,605.640625,607.1875,6,6,194.9701078346869,47,3,36,26.14225414691943,-9.85774585308057,15495,184938,61,862,862,1658875655924,26/07/2022@15,Mozilla/5.0(WindowsNT10.0;Win64;x64)AppleWebKit/537.36(KHTMLlikeGecko)Chrome/103.0.0.0Safari/537.36,1680,907,1680,1050,466074
A1YVMDRR9W1LZ1,FIRSTROUNDFULL,Test,50,3000,2,1658875841866,25,1658875728101,1,SaidOld,1,21,402.4019047619048,64.96,1,4,562.640625,59.1875,1,5,160.3426618832073,47,3,50,55.76310722748815,5.763107227488149,41849,192847,34,862,862
A1YVMDRR9W1LZ1,FIRSTROUNDFULL,Test,50,3000,3,1658875849774,44,1658875785243,1,SaidOld,1,31,521.6730158730159,387.77333333333337,4,5,626.640625,387.1875,4,6,104.96924390758356,47,3,88,76.02377073459715,-11.97622926540285,49767,200186,90,862,862
A1YVMDRR9W1LZ1,FIRSTROUNDFULL,Test,50,3000,4,1658875857113,0,-1,0,SaidOld,0,31,521.6730158730159,387.77333333333337,4,5,422.640625,350.1875,4,4,105.9250173914874,47,3,-1,15.597230450236967,16.597230450236967,57857,206723,73,862,862
A1YVMDRR9W1LZ1,FIRSTROUNDFULL,Test,50,3000,5,1658875863649,46,1658875791273,1,SaidOld,1,44,742.2152380952381,283.50222222222226,3,7,740.640625,501.1875,5,7,217.69097263687337,47,3,92,21.876851303317537,-70.12314869668246,64128,212269,74,862,862
A1YVMDRR9W1LZ1,FIRSTROUNDFULL,Test,50,3000,6,1658875869195,0,-1,0,SaidOld,0,44,742.2152380952381,283.50222222222226,3,7,743.640625,286.1875,3,7,3.040138906710307,47,3,-1,26.14225414691943,27.14225414691943,68479,216575,88,862,862
A1YVMDRR9W1LZ1,FIRSTROUNDFULL,Test,50,3000,7,1658875873505,47,1658875794287,1,SaidOld,1,14,297.1307936507937,84.96,1,3,402.640625,64.1875,1,4,107.53520943201794,47,3,94,22.23230154028436,-71.76769845971563,71814,219823,38,862,862
A1YVMDRR9W1LZ1,FIRSTROUNDFULL,Test,50,3000,8,1658875876757,0,-1,0,SaidNew,1,14,297.1307936507937,84.96,1,3,-1,-1,-1,-1,-1,47,3,-1,-1,-1,76396,223787,32,862,862
A1YVMDRR9W1LZ1,FIRSTROUNDFULL,Test,50,3000,9,1658875880225,43,1658875782241,1,SaidOld,1,9,192.85968253968255,296.50222222222226,3,2,204.640625,308.1875,3,2,16.593261343001167,47,3,86,37.63514514218009,-48.36485485781991,80285,228450,99,862,862
A1YVMDRR9W1LZ1,FIRSTROUNDFULL,Test,50,3000,10,1658875885378,0,-1,0,SaidNew,1,9,192.85968253968255,296.50222222222226,3,2,-1,-1,-1,-1,-1,47,3,-1,-1,-1,84068,231459,80,862,862
A1YVMDRR9W1LZ1,FIRSTROUNDFULL,Test,50,3000,11,1658875887884,15,1658875698030,1,SaidOld,1,47,724.2152380952381,591.3155555555555,6,7,730.640625,587.1875,6,7,7.637174840583323,47,3,30,46.402917654028435,16.402917654028435,85999,234462,44,862,862
A1YVMDRR9W1LZ1,FIRSTROUNDFULL,Test,50,3000,12,1658875891389,11,1658875686002,1,SaidOld,1,38,640.944126984127,385.77333333333337,4,6,315.640625,603.1875,6,3,391.2688184234696,47,3,22,41.071164099526065,19.071164099526065,89956,238074,56,862,862
A1YVMDRR9W1LZ1,FIRSTROUNDFULL,Test,50,3000,13,1658875895002,0,-1,0,SaidNew,1,38,640.944126984127,385.77333333333337,4,6,-1,-1,-1,-1,-1,47,3,-1,-1,-1,93117,240509,47,862,862
A1YVMDRR9W1LZ1,FIRSTROUNDFULL,Test,50,3000,14,1658875896936,0,-1,0,SaidNew,1,38,640.944126984127,385.77333333333337,4,6,-1,-1,-1,-1,-1,47,3,-1,-1,-1,95091,242482,66,862,862
A1YVMDRR9W1LZ1,FIRSTROUNDFULL,Test,50,3000,15,1658875898909,0,-1,0,SaidNew,1,38,640.944126984127,385.77333333333337,4,6,-1,-1,-1,-1,-1,47,3,-1,-1,-1,96758,244149,40,862,862
A1YVMDRR9W1LZ1,FIRSTROUNDFULL,Test,50,3000,16,1658875900576,28,1658875737138,1,SaidOld,1,30,506.67301587301586,276.50222222222226,3,5,549.640625,378.1875,4,5,110.39072040182141,47,3,56.00000000000001,55.0522067535545,-0.9477932464455066,98720,246789,16,862,862
A1YVMDRR9W1LZ1,FIRSTROUNDFULL,Test,50,3000,17,1658875903714,45,1658875788257,1,SaidOld,1,44,742.2152380952381,283.50222222222226,3,7,753.640625,280.1875,3,7,11.896505761525074,47,3,90,56.35552428909952,-33.64447571090048,101605,249621,65,862,862
A1YVMDRR9W1LZ1,FIRSTROUNDFULL,Test,50,3000,18,1658875906555,24,1658875725098,1,SaidOld,1,6,93.58857142857143,710.5866666666666,7,1,437.640625,714.1875,7,4,344.0708961353919,47,3,48,53.1564721563981,5.156472156398102,104462,252427,13,862,862
A1YVMDRR9W1LZ1,FIRSTROUNDFULL,Test,50,3000,19,1658875909366,0,-1,0,SaidNew,1,6,93.58857142857143,710.5866666666666,7,1,-1,-1,-1,-1,-1,47,3,-1,-1,-1,107180,254572,21,862,862
A1YVMDRR9W1LZ1,FIRSTROUNDFULL,Test,50,3000,20,1658875910997,31,1658875746149,1,SaidOld,1,17,323.1307936507937,397.77333333333337,4,3,205.640625,602.1875,6,2,235.77338964272388,47,3,62,37.63514514218009,-24.364854857819907,111802,259916,71,862,862
A1YVMDRR9W1LZ1,FIRSTROUNDFULL,Test,50,3000,21,1658875916841,32,1658875749150,1,SaidOld,1,19,318.1307936507937,609.3155555555555,6,3,421.640625,509.1875,5,4,144.0135851066751,47,3,64,47.82471860189573,-16.175281398104268,115379,263466,14,862,862
A1YVMDRR9W1LZ1,FIRSTROUNDFULL,Test,50,3000,22,1658875920393,41,1658875776225,1,SaidNew,0,3,81.58857142857143,376.77333333333337,4,1,-1,-1,-1,-1,-1,47,3,82,-1,-1,118837,266228,97,862,862
A1YVMDRR9W1LZ1,FIRSTROUNDFULL,Test,50,3000,23,1658875922654,2,1658875658941,1,SaidOld,1,7,185.85968253968255,59.959999999999994,1,2,645.640625,75.1875,1,6,460.0330333855904,47,3,4,51.616187796208536,47.616187796208536,121222,269123,57,862,862
A1YVMDRR9W1LZ1,FIRSTROUNDFULL,Test,50,3000,24,1658875926056,10,1658875682992,1,SaidOld,1,17,323.1307936507937,397.77333333333337,4,3,745.640625,297.1875,3,7,434.3179336086594,47,3,20,60.50244372037915,40.50244372037915,123948,272027,98,862,862
A1YVMDRR9W1LZ1,FIRSTROUNDFULL,Test,50,3000,25,1658875928954,8,1658875676975,1,SaidOld,1,43,727.2152380952381,185.2311111111111,2,7,756.640625,187.1875,2,7,29.490351845637623,47,3,16,59.55457642180095,43.55457642180095,126886,274794,85,862,862
A1YVMDRR9W1LZ1,FIRSTROUNDFULL,Test,50,3000,26,1658875931722,0,-1,0,SaidNew,1,43,727.2152380952381,185.2311111111111,2,7,-1,-1,-1,-1,-1,47,3,-1,-1,-1,129601,276992,58,862,862
A1YVMDRR9W1LZ1,FIRSTROUNDFULL,Test,50,3000,27,1658875933430,0,-1,0,SaidNew,1,43,727.2152380952381,185.2311111111111,2,7,-1,-1,-1,-1,-1,47,3,-1,-1,-1,131885,279276,72,862,862
A1YVMDRR9W1LZ1,FIRSTROUNDFULL,Test,50,3000,28,1658875935710,0,-1,0,SaidOld,0,43,727.2152380952381,185.2311111111111,2,7,400.640625,259.1875,3,4,334.8440314172988,47,3,-1,43.67779917061612,44.67779917061612,135198,283439,63,862,862
A1YVMDRR9W1LZ1,FIRSTROUNDFULL,Test,50,3000,29,1658875940364,37,1658875764182,1,SaidOld,1,10,184.85968253968255,404.77333333333337,4,2,297.640625,510.1875,5,3,154.3751518744685,47,3,74,45.810500592417064,-28.189499407582936,138474,286569,8,862,862
A1YVMDRR9W1LZ1,FIRSTROUNDFULL,Test,50,3000,30,1658875943494,27,1658875734127,1,SaidOld,1,35,630.944126984127,56.959999999999994,1,6,612.640625,283.1875,3,6,226.9667375214548,47,3,54,57.65884182464455,3.658841824644547,141458,289428,1,862,862
A1YVMDRR9W1LZ1,FIRSTROUNDFULL,Test,50,3000,31,1658875946365,16,1658875701032,1,SaidOld,1,40,626.944126984127,598.3155555555555,6,6,536.640625,712.1875,7,5,145.3325228644844,47,3,32,52.20860485781991,20.208604857819907,144582,292563,64,862,862
A1YVMDRR9W1LZ1,FIRSTROUNDFULL,Test,50,3000,32,1658875949490,20,1658875713069,1,SaidOld,1,1,103.58857142857143,167.2311111111111,2,1,618.640625,499.1875,5,6,612.759057062641,47,3,40,55.5261404028436,15.526140402843602,148240,296192,95,862,862
A1YVMDRR9W1LZ1,FIRSTROUNDFULL,Test,50,3000,33,1658875953126,0,-1,0,SaidNew,1,1,103.58857142857143,167.2311111111111,2,1,-1,-1,-1,-1,-1,47,3,-1,-1,-1,150905,298297,17,862,862
A1YVMDRR9W1LZ1,FIRSTROUNDFULL,Test,50,3000,34,1658875954722,0,-1,0,SaidNew,1,1,103.58857142857143,167.2311111111111,2,1,-1,-1,-1,-1,-1,47,3,-1,-1,-1,152667,300058,83,862,862
A1YVMDRR9W1LZ1,FIRSTROUNDFULL,Test,50,3000,35,1658875956484,13,1658875692015,1,SaidOld,1,3,81.58857142857143,376.77333333333337,4,1,389.640625,505.1875,5,4,333.7458103261653,47,3,26,45.810500592417064,19.810500592417064,154641,302764,10,862,862
A1YVMDRR9W1LZ1,FIRSTROUNDFULL,Test,50,3000,36,1658875959703,0,-1,0,SaidNew,1,3,81.58857142857143,376.77333333333337,4,1,-1,-1,-1,-1,-1,47,3,-1,-1,-1,157622,305014,49,862,862
A1YVMDRR9W1LZ1,FIRSTROUNDFULL,Test,50,3000,37,1658875961442,0,-1,0,SaidNew,1,3,81.58857142857143,376.77333333333337,4,1,-1,-1,-1,-1,-1,47,3,-1,-1,-1,159242,306633,33,862,862
A1YVMDRR9W1LZ1,FIRSTROUNDFULL,Test,50,3000,38,1658875963059,23,1658875722093,1,SaidOld,1,14,297.1307936507937,84.96,1,3,553.640625,194.1875,2,5,278.7973104874727,47,3,46,51.97163803317536,5.97163803317536,161207,309139,18,862,862
A1YVMDRR9W1LZ1,FIRSTROUNDFULL,Test,50,3000,39,1658875966073,21,1658875716082,1,SaidOld,1,34,537.6730158730159,721.5866666666666,7,5,610.640625,615.1875,6,6,129.01571473688557,47,3,42,55.407656990521325,13.407656990521325,164038,312108,28,862,862
A1YVMDRR9W1LZ1,FIRSTROUNDFULL,Test,50,3000,40,1658875969034,5,1658875667964,1,SaidOld,1,37,636.944126984127,269.50222222222226,3,6,733.640625,467.1875,5,7,220.06744824851057,47,3,10,53.1564721563981,43.1564721563981,167147,315191,79,862,862
A1YVMDRR9W1LZ1,FIRSTROUNDFULL,Test,50,3000,41,1658875972118,0,-1,0,SaidNew,1,37,636.944126984127,269.50222222222226,3,6,-1,-1,-1,-1,-1,47,3,-1,-1,-1,170118,317509,29,862,862
A1YVMDRR9W1LZ1,FIRSTROUNDFULL,Test,50,3000,42,1658875973942,4,1658875664961,1,SaidOld,1,16,304.1307936507937,283.50222222222226,3,3,511.640625,279.1875,3,5,207.55468420257583,47,3,8,50.90528732227489,42.90528732227489,172110,319998,25,862,862
A1YVMDRR9W1LZ1,FIRSTROUNDFULL,Test,50,3000,43,1658875976928,50,1658875803315,1,SaidOld,1,35,630.944126984127,56.959999999999994,1,6,719.640625,192.1875,2,7,161.72057851903006,47,3,100,50.43135367298578,-49.56864632701422,174830,322853,91,862,862
A1YVMDRR9W1LZ1,FIRSTROUNDFULL,Test,50,3000,44,1658875979783,17,1658875704044,1,SaidOld,1,28,511.67301587301586,75.96,1,5,497.640625,67.1875,1,5,16.548859473181185,47,3,34,53.1564721563981,19.156472156398102,177679,325453,3,862,862
A1YVMDRR9W1LZ1,FIRSTROUNDFULL,Test,50,3000,45,1658875982380,0,-1,0,SaidNew,1,28,511.67301587301586,75.96,1,5,-1,-1,-1,-1,-1,47,3,-1,-1,-1,180471,327862,24,862,862
A1YVMDRR9W1LZ1,FIRSTROUNDFULL,Test,50,3000,46,1658875984291,6,1658875670971,1,SaidOld,1,11,203.85968253968255,485.0444444444445,5,2,495.640625,402.1875,4,5,303.31731178042054,47,3,12,46.52140106635071,34.52140106635071,182265,330371,6,862,862
A1YVMDRR9W1LZ1,FIRSTROUNDFULL,Test,50,3000,47,1658875987307,0,-1,0,SaidNew,1,11,203.85968253968255,485.0444444444445,5,2,-1,-1,-1,-1,-1,47,3,-1,-1,-1,185234,332625,36,862,862
A1YVMDRR9W1LZ1,FIRSTROUNDFULL,Test,50,3000,48,1658875989050,0,-1,0,SaidNew,1,11,203.85968253968255,485.0444444444445,5,2,-1,-1,-1,-1,-1,47,3,-1,-1,-1,187084,334475,52,862,862
A1YVMDRR9W1LZ1,FIRSTROUNDFULL,Test,50,3000,49,1658875990900,0,-1,0,SaidNew,1,11,203.85968253968255,485.0444444444445,5,2,-1,-1,-1,-1,-1,47,3,-1,-1,-1,188543,335934,55,862,862
A1YVMDRR9W1LZ1,FIRSTROUNDFULL,Test,50,3000,50,1658875992369,0,-1,0,SaidNew,1,11,203.85968253968255,485.0444444444445,5,2,-1,-1,-1,-1,-1,47,3,-1,-1,-1,190029,337420,15,862,862
A016079037TD5GXCNYBPH,FIRSTROUNDFULL,Temporal,50,3000,1,1658869050966,37,1658868968735,1,SaidNew,0,45,784.6742857142856,431.52000000000004,4,7,-1,-1,-1,-1,-1,48,2,74,-1,-1,50421,197907,32,921,921,1658868860436,26/07/2022@14,Mozilla/5.0(WindowsNT10.0;Win64;x64)AppleWebKit/537.36(KHTMLlikeGecko)Chrome/103.0.0.0Safari/537.36,1920,969,1920,1080,530948
A016079037TD5GXCNYBPH,FIRSTROUNDFULL,Test,50,3000,2,1658869058856,0,-1,0,SaidNew,1,45,784.6742857142856,431.52000000000004,4,7,-1,-1,-1,-1,-1,48,2,-1,-1,-1,54744,202231,7,921,921
A016079037TD5GXCNYBPH,FIRSTROUNDFULL,Test,50,3000,3,1658869063183,0,-1,0,SaidNew,1,45,784.6742857142856,431.52000000000004,4,7,-1,-1,-1,-1,-1,48,2,-1,-1,-1,56704,204191,92,921,921
A016079037TD5GXCNYBPH,FIRSTROUNDFULL,Test,50,3000,4,1658869065136,47,1658868998899,1,SaidOld,1,33,545.447619047619,632.7466666666666,6,5,537.546875,523.078125,5,5,109.9527661671109,48,2,94,6.379919623059867,-87.62008037694014,63703,219302,37,921,921
A016079037TD5GXCNYBPH,FIRSTROUNDFULL,Test,50,3000,5,1658869080743,0,-1,0,SaidNew,1,33,545.447619047619,632.7466666666666,6,5,-1,-1,-1,-1,-1,48,2,-1,-1,-1,75912,223399,87,921,921
A016079037TD5GXCNYBPH,FIRSTROUNDFULL,Test,50,3000,6,1658869084337,23,1658868926616,1,SaidOld,1,8,207.60761904761904,194.29333333333335,2,2,126.546875,309.078125,3,1,140.5218581698722,48,2,46,5.382136917960088,-40.61786308203991,78984,228333,6,921,921
A016079037TD5GXCNYBPH,FIRSTROUNDFULL,Test,50,3000,7,1658869089772,0,-1,0,SaidNew,1,8,207.60761904761904,194.29333333333335,2,2,-1,-1,-1,-1,-1,48,2,-1,-1,-1,85007,232494,55,921,921
A016079037TD5GXCNYBPH,FIRSTROUNDFULL,Test,50,3000,8,1658869093431,10,1658868887502,1,SaidOld,1,0,100.9942857142857,74.68,1,1,109.546875,122.078125,1,1,48.163565451549985,48,2,20,4.827813192904657,-15.172186807095343,88230,236860,38,921,921
A016079037TD5GXCNYBPH,FIRSTROUNDFULL,Test,50,3000,9,1658869098300,0,-1,0,SaidNew,1,0,100.9942857142857,74.68,1,1,-1,-1,-1,-1,-1,48,2,-1,-1,-1,92473,239959,59,921,921
A016079037TD5GXCNYBPH,FIRSTROUNDFULL,Test,50,3000,10,1658869100896,0,-1,0,SaidNew,1,0,100.9942857142857,74.68,1,1,-1,-1,-1,-1,-1,48,2,-1,-1,-1,94879,242365,91,921,921
A016079037TD5GXCNYBPH,FIRSTROUNDFULL,Test,50,3000,11,1658869103303,9,1658868884491,1,SaidOld,1,26,435.8342857142857,660.7466666666666,6,4,105.546875,82.078125,1,1,666.2935199977363,48,2,18,6.047325388026607,-11.952674611973393,98569,246935,5,921,921
A016079037TD5GXCNYBPH,FIRSTROUNDFULL,Test,50,3000,12,1658869108378,0,-1,0,SaidNew,1,26,435.8342857142857,660.7466666666666,6,4,-1,-1,-1,-1,-1,48,2,-1,-1,-1,102295,249781,10,921,921
A016079037TD5GXCNYBPH,FIRSTROUNDFULL,Test,50,3000,13,1658869110720,49,1658869004913,1,SaidOld,1,13,215.60761904761904,776.3599999999999,7,2,451.546875,561.078125,5,4,319.3957078654607,48,2,98,9.927591463414634,-88.07240853658537,105025,254204,18,921,921
A016079037TD5GXCNYBPH,FIRSTROUNDFULL,Test,50,3000,14,1658869115641,28,1658868941672,1,SaidOld,1,39,665.0609523809522,538.1333333333332,5,6,468.546875,577.078125,5,4,200.33591641751852,48,2,56.00000000000001,19.018500554323726,-36.98149944567628,109625,258705,33,921,921
A016079037TD5GXCNYBPH,FIRSTROUNDFULL,Test,50,3000,15,1658869120155,17,1658868908573,1,SaidOld,1,31,564.447619047619,401.52000000000004,4,5,551.546875,396.078125,4,5,14.001542789914362,48,2,34,9.816726718403547,-24.183273281596453,114269,262927,36,921,921
A016079037TD5GXCNYBPH,FIRSTROUNDFULL,Test,50,3000,16,1658869124367,0,-1,0,SaidNew,1,31,564.447619047619,401.52000000000004,4,5,-1,-1,-1,-1,-1,48,2,-1,-1,-1,118053,265539,25,921,921
A016079037TD5GXCNYBPH,FIRSTROUNDFULL,Test,50,3000,17,1658869126477,19,1658868914589,1,SaidOld,1,1,114.99428571428571,184.29333333333335,2,1,550.546875,387.078125,4,5,480.44534524208217,48,2,38,19.12936529933481,-18.87063470066519,120741,269269,93,921,921
A016079037TD5GXCNYBPH,FIRSTROUNDFULL,Test,50,3000,18,1658869130717,41,1658868980837,1,SaidOld,1,22,456.8342857142857,184.29333333333335,2,4,561.546875,628.078125,6,5,455.97112591648323,48,2,82,15.027369733924612,-66.97263026607538,125099,273828,3,921,921
A016079037TD5GXCNYBPH,FIRSTROUNDFULL,Test,50,3000,19,1658869135268,0,-1,0,SaidNew,1,22,456.8342857142857,184.29333333333335,2,4,-1,-1,-1,-1,-1,48,2,-1,-1,-1,128971,276457,56,921,921
A016079037TD5GXCNYBPH,FIRSTROUNDFULL,Test,50,3000,20,1658869137395,7,1658868878479,1,SaidNew,0,27,459.8342857142857,775.3599999999999,7,4,-1,-1,-1,-1,-1,48,2,14.000000000000002,-1,-1,130553,278039,73,921,921
A016079037TD5GXCNYBPH,FIRSTROUNDFULL,Test,50,3000,21,1658869138982,45,1658868992877,1,SaidOld,1,30,549.447619047619,288.9066666666667,3,5,563.546875,376.078125,4,5,88.3043156723997,48,2,90,29.328921840354766,-60.67107815964523,132461,280888,1,921,921
A016079037TD5GXCNYBPH,FIRSTROUNDFULL,Test,50,3000,22,1658869142325,50,1658869007922,1,SaidOld,1,47,796.6742857142856,653.7466666666666,6,7,673.546875,617.078125,6,6,128.47155800862862,48,2,100,9.040673503325943,-90.95932649667405,136310,284939,30,921,921
A016079037TD5GXCNYBPH,FIRSTROUNDFULL,Test,50,3000,23,1658869146383,39,1658868974820,1,SaidNew,0,39,665.0609523809522,538.1333333333332,5,6,-1,-1,-1,-1,-1,48,2,78,-1,-1,140157,287643,43,921,921
A016079037TD5GXCNYBPH,FIRSTROUNDFULL,Test,50,3000,24,1658869148583,38,1658868971814,1,SaidNew,0,45,784.6742857142856,431.52000000000004,4,7,-1,-1,-1,-1,-1,48,2,76,-1,-1,142723,290209,98,921,921
A016079037TD5GXCNYBPH,FIRSTROUNDFULL,Test,50,3000,25,1658869151147,30,1658868947687,1,SaidNew,0,15,337.2209523809524,200.29333333333335,2,3,-1,-1,-1,-1,-1,48,2,60,-1,-1,144729,292215,31,921,921
A016079037TD5GXCNYBPH,FIRSTROUNDFULL,Test,50,3000,26,1658869153153,0,-1,0,SaidNew,1,15,337.2209523809524,200.29333333333335,2,3,-1,-1,-1,-1,-1,48,2,-1,-1,-1,147077,294563,51,921,921
A016079037TD5GXCNYBPH,FIRSTROUNDFULL,Test,50,3000,27,1658869155500,1,1658868860443,1,SaidNew,0,31,564.447619047619,401.52000000000004,4,5,-1,-1,-1,-1,-1,48,2,2,-1,-1,149005,296491,94,921,921
A016079037TD5GXCNYBPH,FIRSTROUNDFULL,Test,50,3000,28,1658869157428,29,1658868944683,1,SaidOld,1,27,459.8342857142857,775.3599999999999,7,4,668.546875,296.078125,3,6,522.7543023542348,48,2,57.99999999999999,18.57504157427938,-39.42495842572062,150705,299303,63,921,921
A016079037TD5GXCNYBPH,FIRSTROUNDFULL,Test,50,3000,29,1658869160756,0,-1,0,SaidNew,1,27,459.8342857142857,775.3599999999999,7,4,-1,-1,-1,-1,-1,48,2,-1,-1,-1,154661,302147,34,921,921
A016079037TD5GXCNYBPH,FIRSTROUNDFULL,Test,50,3000,30,1658869163085,0,-1,0,SaidNew,1,27,459.8342857142857,775.3599999999999,7,4,-1,-1,-1,-1,-1,48,2,-1,-1,-1,156433,303919,58,921,921
A016079037TD5GXCNYBPH,FIRSTROUNDFULL,Test,50,3000,31,1658869164857,0,-1,0,SaidOld,0,27,459.8342857142857,775.3599999999999,7,4,653.546875,220.078125,2,6,588.1007804375806,48,2,-1,23.3422256097561,24.3422256097561,158615,307223,82,921,921
A016079037TD5GXCNYBPH,FIRSTROUNDFULL,Test,50,3000,32,1658869168661,33,1658868956714,1,SaidOld,1,35,657.0609523809522,66.68,1,6,651.546875,205.078125,2,6,138.5079277618388,48,2,66,20.79233647450111,-45.20766352549889,162257,310819,68,921,921
A016079037TD5GXCNYBPH,FIRSTROUNDFULL,Test,50,3000,33,1658869172257,13,1658868896532,1,SaidOld,1,12,219.60761904761904,637.7466666666666,6,2,440.546875,519.078125,5,4,250.79150225253863,48,2,26,26.779032705099777,0.7790327050997767,166039,314465,75,921,921
A016079037TD5GXCNYBPH,FIRSTROUNDFULL,Test,50,3000,34,1658869175903,0,-1,0,SaidNew,1,12,219.60761904761904,637.7466666666666,6,2,-1,-1,-1,-1,-1,48,2,-1,-1,-1,170271,317757,39,921,921
A016079037TD5GXCNYBPH,FIRSTROUNDFULL,Test,50,3000,35,1658869178695,0,-1,0,SaidNew,1,12,219.60761904761904,637.7466666666666,6,2,-1,-1,-1,-1,-1,48,2,-1,-1,-1,172113,319599,19,921,921
A016079037TD5GXCNYBPH,FIRSTROUNDFULL,Test,50,3000,36,1658869180537,42,1658868983851,1,SaidOld,1,18,344.2209523809524,520.1333333333332,5,3,672.546875,503.078125,5,6,328.7685988578323,48,2,84,25.892114745011085,-58.107885254988915,174429,322694,15,921,921
A016079037TD5GXCNYBPH,FIRSTROUNDFULL,Test,50,3000,37,1658869184133,20,1658868917591,1,SaidOld,1,40,675.0609523809522,641.7466666666666,6,6,672.546875,393.078125,4,6,248.6812501973241,48,2,40,27.887680155210642,-12.112319844789358,177653,326476,13,921,921
A016079037TD5GXCNYBPH,FIRSTROUNDFULL,Test,50,3000,38,1658869187913,0,-1,0,SaidOld,0,40,675.0609523809522,641.7466666666666,6,6,575.546875,300.078125,3,5,355.8657667739464,48,2,-1,49.83889966740577,50.83889966740577,181778,330111,53,921,921
A016079037TD5GXCNYBPH,FIRSTROUNDFULL,Test,50,3000,39,1658869191549,0,-1,0,SaidNew,1,40,675.0609523809522,641.7466666666666,6,6,-1,-1,-1,-1,-1,48,2,-1,-1,-1,185675,333161,74,921,921
A016079037TD5GXCNYBPH,FIRSTROUNDFULL,Test,50,3000,40,1658869194099,0,-1,0,SaidNew,1,40,675.0609523809522,641.7466666666666,6,6,-1,-1,-1,-1,-1,48,2,-1,-1,-1,187671,335157,45,921,921
A016079037TD5GXCNYBPH,FIRSTROUNDFULL,Test,50,3000,41,1658869196095,16,1658868905558,1,SaidOld,1,10,218.60761904761904,403.52000000000004,4,2,664.546875,191.078125,2,6,493.9568505981861,48,2,32,46.291227827050996,14.291227827050996,189851,338007,84,921,921
A016079037TD5GXCNYBPH,FIRSTROUNDFULL,Test,50,3000,42,1658869199445,8,1658868881491,1,SaidOld,1,4,103.9942857142857,537.1333333333332,5,1,446.546875,150.078125,2,4,516.8694329560486,48,2,16,43.51960920177383,27.519609201773832,192851,341049,70,921,921
A016079037TD5GXCNYBPH,FIRSTROUNDFULL,Test,50,3000,43,1658869202486,0,-1,0,SaidNew,1,4,103.9942857142857,537.1333333333332,5,1,-1,-1,-1,-1,-1,48,2,-1,-1,-1,196007,343494,54,921,921
A016079037TD5GXCNYBPH,FIRSTROUNDFULL,Test,50,3000,44,1658869204433,0,-1,0,SaidNew,1,4,103.9942857142857,537.1333333333332,5,1,-1,-1,-1,-1,-1,48,2,-1,-1,-1,198864,346351,89,921,921
A016079037TD5GXCNYBPH,FIRSTROUNDFULL,Test,50,3000,45,1658869207290,0,-1,0,SaidNew,1,4,103.9942857142857,537.1333333333332,5,1,-1,-1,-1,-1,-1,48,2,-1,-1,-1,201217,348703,60,921,921
A016079037TD5GXCNYBPH,FIRSTROUNDFULL,Test,50,3000,46,1658869209641,12,1658868893528,1,SaidOld,1,46,795.6742857142856,533.1333333333332,5,7,641.546875,205.078125,2,6,362.4575539951081,48,2,24,48.50852272727273,24.508522727272727,203426,351918,40,921,921
A016079037TD5GXCNYBPH,FIRSTROUNDFULL,Test,50,3000,47,1658869213356,0,-1,0,SaidNew,1,46,795.6742857142856,533.1333333333332,5,7,-1,-1,-1,-1,-1,48,2,-1,-1,-1,207230,354717,41,921,921
A016079037TD5GXCNYBPH,FIRSTROUNDFULL,Test,50,3000,48,1658869215656,11,1658868890515,1,SaidOld,1,48,786.6742857142856,751.3599999999999,7,7,618.546875,173.078125,2,6,602.2264965833084,48,2,22,38.308966186252775,16.308966186252775,209035,357763,12,921,921
A016079037TD5GXCNYBPH,FIRSTROUNDFULL,Test,50,3000,49,1658869219202,0,-1,0,SaidNew,1,48,786.6742857142856,751.3599999999999,7,7,-1,-1,-1,-1,-1,48,2,-1,-1,-1,213185,360671,57,921,921
A016079037TD5GXCNYBPH,FIRSTROUNDFULL,Test,50,3000,50,1658869221609,0,-1,0,SaidNew,1,48,786.6742857142856,751.3599999999999,7,7,-1,-1,-1,-1,-1,48,2,-1,-1,-1,215233,362720,83,921,921
A1A2X0T1XE8K89,FIRSTROUNDFULL,Temporal,50,3000,1,1658876788358,6,1658876626617,1,SaidOld,1,9,206.60761904761904,317.9066666666667,3,2,209.546875,373.078125,4,2,55.24969719537239,45,5,12,2.6105182926829267,-9.389481707317074,32513,185172,13,921,921,1658876611598,26/07/2022@19,Mozilla/5.0(WindowsNT10.0;Win64;x64)AppleWebKit/537.36(KHTMLlikeGecko)Chrome/103.0.0.0Safari/537.36,1920,969,1920,1080,434611
A1A2X0T1XE8K89,FIRSTROUNDFULL,Test,50,3000,2,1658876797777,46,1658876746925,1,SaidNew,0,22,436.8342857142857,197.29333333333335,2,4,-1,-1,-1,-1,-1,45,5,92,-1,-1,40459,187801,44,921,921
A1A2X0T1XE8K89,FIRSTROUNDFULL,Test,50,3000,3,1658876799900,36,1658876716856,1,SaidOld,1,33,547.447619047619,658.7466666666666,6,5,474.546875,532.078125,5,4,146.1486843274906,45,5,72,59.70586197339246,-12.294138026607541,44494,192961,39,921,921
A1A2X0T1XE8K89,FIRSTROUNDFULL,Test,50,3000,4,1658876805561,44,1658876740912,1,SaidOld,1,44,781.6742857142856,300.9066666666667,3,7,538.546875,433.078125,4,5,276.73133584506286,45,5,88,76.44643847006651,-11.55356152993349,52085,201619,43,921,921
A1A2X0T1XE8K89,FIRSTROUNDFULL,Test,50,3000,5,1658876814218,0,-1,0,SaidNew,1,44,781.6742857142856,300.9066666666667,3,7,-1,-1,-1,-1,-1,45,5,-1,-1,-1,56687,204028,74,921,921
A1A2X0T1XE8K89,FIRSTROUNDFULL,Test,50,3000,6,1658876816127,4,1658876620614,1,SaidOld,1,37,673.0609523809522,290.9066666666667,3,6,438.546875,290.078125,3,4,234.5155410013005,45,5,8,43.18701496674058,35.18701496674058,60305,208235,62,921,921
A1A2X0T1XE8K89,FIRSTROUNDFULL,Test,50,3000,7,1658876820840,0,-1,0,SaidNew,1,37,673.0609523809522,290.9066666666667,3,6,-1,-1,-1,-1,-1,45,5,-1,-1,-1,63095,210436,93,921,921
A1A2X0T1XE8K89,FIRSTROUNDFULL,Test,50,3000,8,1658876822535,34,1658876710846,1,SaidOld,1,41,657.0609523809522,766.3599999999999,7,6,666.546875,677.078125,6,6,89.78438578867802,45,5,68,31.43535199556541,-36.56464800443459,65776,214271,72,921,921
A1A2X0T1XE8K89,FIRSTROUNDFULL,Test,50,3000,9,1658876826872,0,-1,0,SaidNew,1,41,657.0609523809522,766.3599999999999,7,6,-1,-1,-1,-1,-1,45,5,-1,-1,-1,69483,216824,12,921,921
A1A2X0T1XE8K89,FIRSTROUNDFULL,Test,50,3000,10,1658876828923,22,1658876674741,1,SaidOld,1,6,95.9942857142857,745.3599999999999,7,1,192.546875,747.078125,7,2,96.56787484091932,45,5,44,44.6282566518847,0.6282566518846977,73047,221222,22,921,921
A1A2X0T1XE8K89,FIRSTROUNDFULL,Test,50,3000,11,1658876833822,0,-1,0,SaidNew,1,6,95.9942857142857,745.3599999999999,7,1,-1,-1,-1,-1,-1,45,5,-1,-1,-1,76113,223455,55,921,921
A1A2X0T1XE8K89,FIRSTROUNDFULL,Test,50,3000,12,1658876835553,0,-1,0,SaidNew,1,6,95.9942857142857,745.3599999999999,7,1,-1,-1,-1,-1,-1,45,5,-1,-1,-1,77731,225072,80,921,921
A1A2X0T1XE8K89,FIRSTROUNDFULL,Test,50,3000,13,1658876837172,0,-1,0,SaidNew,1,6,95.9942857142857,745.3599999999999,7,1,-1,-1,-1,-1,-1,45,5,-1,-1,-1,79024,226365,90,921,921
A1A2X0T1XE8K89,FIRSTROUNDFULL,Test,50,3000,14,1658876838464,0,-1,0,SaidNew,1,6,95.9942857142857,745.3599999999999,7,1,-1,-1,-1,-1,-1,45,5,-1,-1,-1,80299,227641,29,921,921
A1A2X0T1XE8K89,FIRSTROUNDFULL,Test,50,3000,15,1658876839743,42,1658876734896,1,SaidOld,1,46,784.6742857142856,529.1333333333332,5,7,776.546875,636.078125,6,7,107.25317370383706,45,5,84,64.69477549889136,-19.30522450110864,82881,231157,85,921,921
A1A2X0T1XE8K89,FIRSTROUNDFULL,Test,50,3000,16,1658876843761,40,1658876728886,1,SaidOld,1,31,541.447619047619,409.52000000000004,4,5,660.546875,290.078125,3,6,168.6742252744218,45,5,80,55.936460643015515,-24.063539356984485,86871,234947,86,921,921
A1A2X0T1XE8K89,FIRSTROUNDFULL,Test,50,3000,17,1658876847547,20,1658876668729,1,SaidOld,1,25,434.8342857142857,541.1333333333332,5,4,444.546875,298.078125,3,4,243.2491905199131,45,5,40,44.96085088691796,4.96085088691796,90725,238617,47,921,921
A1A2X0T1XE8K89,FIRSTROUNDFULL,Test,50,3000,18,1658876851229,0,-1,0,SaidNew,1,25,434.8342857142857,541.1333333333332,5,4,-1,-1,-1,-1,-1,45,5,-1,-1,-1,93350,240691,19,921,921
A1A2X0T1XE8K89,FIRSTROUNDFULL,Test,50,3000,19,1658876852797,0,-1,0,SaidNew,1,25,434.8342857142857,541.1333333333332,5,4,-1,-1,-1,-1,-1,45,5,-1,-1,-1,94710,242051,42,921,921
A1A2X0T1XE8K89,FIRSTROUNDFULL,Test,50,3000,20,1658876854154,17,1658876659709,1,SaidNew,0,34,542.447619047619,756.3599999999999,7,5,-1,-1,-1,-1,-1,45,5,34,-1,-1,95916,243257,41,921,921
A1A2X0T1XE8K89,FIRSTROUNDFULL,Test,50,3000,21,1658876855369,0,-1,0,SaidNew,1,34,542.447619047619,756.3599999999999,7,5,-1,-1,-1,-1,-1,45,5,-1,-1,-1,97848,245189,91,921,921
A1A2X0T1XE8K89,FIRSTROUNDFULL,Test,50,3000,22,1658876857288,0,-1,0,SaidNew,1,34,542.447619047619,756.3599999999999,7,5,-1,-1,-1,-1,-1,45,5,-1,-1,-1,99134,246475,46,921,921
A1A2X0T1XE8K89,FIRSTROUNDFULL,Test,50,3000,23,1658876858575,0,-1,0,SaidNew,1,34,542.447619047619,756.3599999999999,7,5,-1,-1,-1,-1,-1,45,5,-1,-1,-1,100630,247971,81,921,921
A1A2X0T1XE8K89,FIRSTROUNDFULL,Test,50,3000,24,1658876860075,0,-1,0,SaidNew,1,34,542.447619047619,756.3599999999999,7,5,-1,-1,-1,-1,-1,45,5,-1,-1,-1,102054,249395,84,921,921
A1A2X0T1XE8K89,FIRSTROUNDFULL,Test,50,3000,25,1658876861496,30,1658876698812,1,SaidOld,1,31,541.447619047619,409.52000000000004,4,5,582.546875,302.078125,3,5,115.0343659232099,45,5,60,54.16262472283814,-5.837375277161861,104736,253983,25,921,921
A1A2X0T1XE8K89,FIRSTROUNDFULL,Test,50,3000,26,1658876866588,0,-1,0,SaidNew,1,31,541.447619047619,409.52000000000004,4,5,-1,-1,-1,-1,-1,45,5,-1,-1,-1,108556,255897,20,921,921
A1A2X0T1XE8K89,FIRSTROUNDFULL,Test,50,3000,27,1658876867996,0,-1,0,SaidNew,1,31,541.447619047619,409.52000000000004,4,5,-1,-1,-1,-1,-1,45,5,-1,-1,-1,109914,257255,11,921,921
A1A2X0T1XE8K89,FIRSTROUNDFULL,Test,50,3000,28,1658876869357,0,-1,0,SaidNew,1,31,541.447619047619,409.52000000000004,4,5,-1,-1,-1,-1,-1,45,5,-1,-1,-1,111356,258697,48,921,921
A1A2X0T1XE8K89,FIRSTROUNDFULL,Test,50,3000,29,1658876870807,13,1658876647676,1,SaidNew,0,48,770.6742857142856,775.3599999999999,7,7,-1,-1,-1,-1,-1,45,5,26,-1,-1,113280,260621,96,921,921
A1A2X0T1XE8K89,FIRSTROUNDFULL,Test,50,3000,30,1658876872721,0,-1,0,SaidNew,1,48,770.6742857142856,775.3599999999999,7,7,-1,-1,-1,-1,-1,45,5,-1,-1,-1,114690,262031,64,921,921
A1A2X0T1XE8K89,FIRSTROUNDFULL,Test,50,3000,31,1658876874135,18,1658876662716,1,SaidOld,1,32,555.447619047619,533.1333333333332,5,5,533.546875,418.078125,4,5,117.12106366689993,45,5,36,3.830030487804878,-32.169969512195124,117193,265535,28,921,921
A1A2X0T1XE8K89,FIRSTROUNDFULL,Test,50,3000,32,1658876878138,5,1658876623616,1,SaidOld,1,21,430.8342857142857,79.68,1,4,84.546875,62.078125,1,1,346.7344759649955,45,5,10,7.045108093126386,-2.9548919068736144,120630,268982,65,921,921
A1A2X0T1XE8K89,FIRSTROUNDFULL,Test,50,3000,33,1658876881593,0,-1,0,SaidNew,1,21,430.8342857142857,79.68,1,4,-1,-1,-1,-1,-1,45,5,-1,-1,-1,123786,271127,88,921,921
A1A2X0T1XE8K89,FIRSTROUNDFULL,Test,50,3000,34,1658876883227,15,1658876653687,1,SaidNew,0,13,209.60761904761904,747.3599999999999,7,2,-1,-1,-1,-1,-1,45,5,30,-1,-1,124964,272305,33,921,921
A1A2X0T1XE8K89,FIRSTROUNDFULL,Test,50,3000,35,1658876884412,29,1658876695805,1,SaidNew,0,27,459.8342857142857,756.3599999999999,7,4,-1,-1,-1,-1,-1,45,5,57.99999999999999,-1,-1,126156,273497,63,921,921
A1A2X0T1XE8K89,FIRSTROUNDFULL,Test,50,3000,36,1658876885599,0,-1,0,SaidNew,1,27,459.8342857142857,756.3599999999999,7,4,-1,-1,-1,-1,-1,45,5,-1,-1,-1,127960,275301,57,921,921
A1A2X0T1XE8K89,FIRSTROUNDFULL,Test,50,3000,37,1658876887402,0,-1,0,SaidNew,1,27,459.8342857142857,756.3599999999999,7,4,-1,-1,-1,-1,-1,45,5,-1,-1,-1,129616,276957,2,921,921
A1A2X0T1XE8K89,FIRSTROUNDFULL,Test,50,3000,38,1658876889069,12,1658876644664,1,SaidNew,0,17,345.2209523809524,421.52000000000004,4,3,-1,-1,-1,-1,-1,45,5,24,-1,-1,130868,278209,23,921,921
A1A2X0T1XE8K89,FIRSTROUNDFULL,Test,50,3000,39,1658876890317,43,1658876737898,1,SaidNew,0,44,781.6742857142856,300.9066666666667,3,7,-1,-1,-1,-1,-1,45,5,86,-1,-1,132558,279899,98,921,921
A1A2X0T1XE8K89,FIRSTROUNDFULL,Test,50,3000,40,1658876892008,37,1658876719865,1,SaidOld,1,11,229.60761904761904,536.1333333333332,5,2,330.546875,303.078125,3,3,253.97532069772768,45,5,74,55.271272172949004,-18.728727827050996,134926,283551,77,921,921
A1A2X0T1XE8K89,FIRSTROUNDFULL,Test,50,3000,41,1658876896164,39,1658876725879,1,SaidOld,1,30,564.447619047619,295.9066666666667,3,5,544.546875,515.078125,5,5,220.0730964057372,45,5,78,34.20697062084257,-43.79302937915743,139524,287634,82,921,921
A1A2X0T1XE8K89,FIRSTROUNDFULL,Test,50,3000,42,1658876900233,49,1658876755937,1,SaidOld,1,47,790.6742857142856,631.7466666666666,6,7,656.546875,795.078125,7,6,211.34646338704627,45,5,98,57.04510809312639,-40.95489190687361,145520,294058,53,921,921
A1A2X0T1XE8K89,FIRSTROUNDFULL,Test,50,3000,43,1658876906666,0,-1,0,SaidNew,1,47,790.6742857142856,631.7466666666666,6,7,-1,-1,-1,-1,-1,45,5,-1,-1,-1,148566,295907,27,921,921
A1A2X0T1XE8K89,FIRSTROUNDFULL,Test,50,3000,44,1658876908008,8,1658876632639,1,SaidOld,1,13,209.60761904761904,747.3599999999999,7,2,80.546875,752.078125,7,1,129.14695643971118,45,5,16,39.750207871396896,23.750207871396896,150831,299093,61,921,921
A1A2X0T1XE8K89,FIRSTROUNDFULL,Test,50,3000,45,1658876911696,0,-1,0,SaidNew,1,13,209.60761904761904,747.3599999999999,7,2,-1,-1,-1,-1,-1,45,5,-1,-1,-1,153778,301119,36,921,921
A1A2X0T1XE8K89,FIRSTROUNDFULL,Test,50,3000,46,1658876913219,50,1658876758939,1,SaidOld,1,9,206.60761904761904,317.9066666666667,3,2,307.546875,303.078125,3,3,102.02263984126438,45,5,100,74.11827882483371,-25.88172117516629,156240,305331,59,921,921
A1A2X0T1XE8K89,FIRSTROUNDFULL,Test,50,3000,47,1658876917935,11,1658876641659,1,SaidNew,0,3,110.99428571428571,400.52000000000004,4,1,-1,-1,-1,-1,-1,45,5,22,-1,-1,159796,307137,14,921,921
A1A2X0T1XE8K89,FIRSTROUNDFULL,Test,50,3000,48,1658876919236,0,-1,0,SaidNew,1,3,110.99428571428571,400.52000000000004,4,1,-1,-1,-1,-1,-1,45,5,-1,-1,-1,161073,308414,15,921,921
A1A2X0T1XE8K89,FIRSTROUNDFULL,Test,50,3000,49,1658876920522,0,-1,0,SaidNew,1,3,110.99428571428571,400.52000000000004,4,1,-1,-1,-1,-1,-1,45,5,-1,-1,-1,162665,310006,37,921,921
A1A2X0T1XE8K89,FIRSTROUNDFULL,Test,50,3000,50,1658876922118,0,-1,0,SaidNew,1,3,110.99428571428571,400.52000000000004,4,1,-1,-1,-1,-1,-1,45,5,-1,-1,-1,164208,311549,54,921,921
AFJFYJZ849YOZ,FIRSTROUNDFULL,Temporal,50,3000,1,1658870458392,0,-1,0,SaidOld,0,17,333.7142857142857,417,4,3,692.640625,205.890625,2,6,416.4075950867543,45,5,-1,3.020479024943311,4.020479024943311,15767,167819,87,900,900,1658870297336,26/07/2022@17,Mozilla/5.0(WindowsNT10.0;Win64;x64)AppleWebKit/537.36(KHTMLlikeGecko)Chrome/103.0.0.0Safari/537.36,1920,947,1920,1080,460515
AFJFYJZ849YOZ,FIRSTROUNDFULL,Test,50,3000,2,1658870466166,46,1658870432749,1,SaidOld,1,9,202.71428571428572,300,3,2,320.640625,276.890625,3,3,120.16931684177965,45,5,92,79.66446995464852,-12.335530045351476,27111,177431,25,900,900
AFJFYJZ849YOZ,FIRSTROUNDFULL,Test,50,3000,3,1658870475769,30,1658870384620,1,SaidOld,1,26,416.7142857142857,628,6,4,554.640625,725.890625,7,5,169.1338213712698,45,5,60,49.61911848072562,-10.380881519274382,34767,184142,86,900,900
AFJFYJZ849YOZ,FIRSTROUNDFULL,Test,50,3000,4,1658870482494,3,1658870303371,1,SaidOld,1,6,91.71428571428571,749,7,1,81.640625,736.890625,7,1,15.751685721762234,45,5,6,7.215490362811791,1.2154903628117912,39503,188526,84,900,900
AFJFYJZ849YOZ,FIRSTROUNDFULL,Test,50,3000,5,1658870486870,0,-1,0,SaidNew,1,6,91.71428571428571,749,7,1,-1,-1,-1,-1,-1,45,5,-1,-1,-1,47567,195022,33,900,900
AFJFYJZ849YOZ,FIRSTROUNDFULL,Test,50,3000,6,1658870492873,0,-1,0,SaidNew,1,6,91.71428571428571,749,7,1,-1,-1,-1,-1,-1,45,5,-1,-1,-1,49575,197029,8,900,900
AFJFYJZ849YOZ,FIRSTROUNDFULL,Test,50,3000,7,1658870494878,9,1658870321421,1,SaidOld,1,9,202.71428571428572,300,3,2,343.640625,376.890625,4,3,160.53785010819996,45,5,18,17.986465419501133,-0.013534580498866688,53102,202462,41,900,900
AFJFYJZ849YOZ,FIRSTROUNDFULL,Test,50,3000,8,1658870500812,0,-1,0,SaidNew,1,9,202.71428571428572,300,3,2,-1,-1,-1,-1,-1,45,5,-1,-1,-1,57598,205053,12,900,900
AFJFYJZ849YOZ,FIRSTROUNDFULL,Test,50,3000,9,1658870502907,38,1658870408690,1,SaidOld,1,8,210.71428571428572,171,2,2,360.640625,187.890625,2,3,150.87478392529925,45,5,76,51.206420068027214,-24.793579931972786,59710,208270,23,900,900
AFJFYJZ849YOZ,FIRSTROUNDFULL,Test,50,3000,10,1658870506608,0,-1,0,SaidNew,1,8,210.71428571428572,171,2,2,-1,-1,-1,-1,-1,45,5,-1,-1,-1,63135,210589,61,900,900
AFJFYJZ849YOZ,FIRSTROUNDFULL,Test,50,3000,11,1658870508430,0,-1,0,SaidNew,1,8,210.71428571428572,171,2,2,-1,-1,-1,-1,-1,45,5,-1,-1,-1,64470,211925,5,900,900
AFJFYJZ849YOZ,FIRSTROUNDFULL,Test,50,3000,12,1658870509766,22,1658870360550,1,SaidOld,1,16,320.7142857142857,285,3,3,444.640625,303.890625,3,4,125.35786086898817,45,5,44,59.14292800453514,15.142928004535143,66391,215517,59,900,900
AFJFYJZ849YOZ,FIRSTROUNDFULL,Test,50,3000,13,1658870513860,0,-1,0,SaidNew,1,16,320.7142857142857,285,3,3,-1,-1,-1,-1,-1,45,5,-1,-1,-1,72222,219677,17,900,900
AFJFYJZ849YOZ,FIRSTROUNDFULL,Test,50,3000,14,1658870517523,0,-1,0,SaidOld,0,16,320.7142857142857,285,3,3,189.640625,646.890625,6,2,384.89625744599584,45,5,-1,11.523880385487528,12.523880385487528,76399,225486,88,900,900
AFJFYJZ849YOZ,FIRSTROUNDFULL,Test,50,3000,15,1658870523824,0,-1,0,SaidNew,1,16,320.7142857142857,285,3,3,-1,-1,-1,-1,-1,45,5,-1,-1,-1,80374,227829,35,900,900
AFJFYJZ849YOZ,FIRSTROUNDFULL,Test,50,3000,16,1658870525680,45,1658870429742,1,SaidOld,1,46,770.7142857142857,528,5,7,770.640625,525.890625,5,7,2.1106607475987404,45,5,90,79.89122732426304,-10.108772675736958,83894,234021,66,900,900
AFJFYJZ849YOZ,FIRSTROUNDFULL,Test,50,3000,17,1658870532364,1,1658870297360,1,SaidOld,1,13,200.71428571428572,736,7,2,127.640625,624.890625,6,1,132.98516121386314,45,5,2,9.709821428571429,7.709821428571429,92190,242405,14,900,900
AFJFYJZ849YOZ,FIRSTROUNDFULL,Test,50,3000,18,1658870540750,6,1658870312387,1,SaidOld,1,48,758.7142857142857,734,7,7,780.640625,773.890625,7,7,45.51951578568125,45,5,12,80.00460600907029,68.00460600907029,97534,249189,93,900,900
AFJFYJZ849YOZ,FIRSTROUNDFULL,Test,50,3000,19,1658870547528,0,-1,0,SaidNew,1,48,758.7142857142857,734,7,7,-1,-1,-1,-1,-1,45,5,-1,-1,-1,104398,251853,32,900,900
AFJFYJZ849YOZ,FIRSTROUNDFULL,Test,50,3000,20,1658870549691,0,-1,0,SaidNew,1,48,758.7142857142857,734,7,7,-1,-1,-1,-1,-1,45,5,-1,-1,-1,105822,253277,94,900,900
AFJFYJZ849YOZ,FIRSTROUNDFULL,Test,50,3000,21,1658870551122,0,-1,0,SaidNew,1,48,758.7142857142857,734,7,7,-1,-1,-1,-1,-1,45,5,-1,-1,-1,107870,255324,98,900,900
AFJFYJZ849YOZ,FIRSTROUNDFULL,Test,50,3000,22,1658870553177,23,1658870363563,1,SaidOld,1,1,111.71428571428571,197,2,1,125.640625,203.890625,2,1,15.537813192063233,45,5,46,48.371952947845806,2.3719529478458057,109806,259765,95,900,900
AFJFYJZ849YOZ,FIRSTROUNDFULL,Test,50,3000,23,1658870558109,49,1658870441773,1,SaidOld,1,37,644.7142857142857,298,3,6,667.640625,192.890625,2,6,107.58065693206336,45,5,98,64.24496882086169,-33.755031179138314,114614,262821,57,900,900
AFJFYJZ849YOZ,FIRSTROUNDFULL,Test,50,3000,24,1658870561164,0,-1,0,SaidNew,1,37,644.7142857142857,298,3,6,-1,-1,-1,-1,-1,45,5,-1,-1,-1,117534,264988,90,900,900
AFJFYJZ849YOZ,FIRSTROUNDFULL,Test,50,3000,25,1658870562828,36,1658870402678,1,SaidOld,1,20,316.7142857142857,757,7,3,295.640625,752.890625,7,3,21.470587760735718,45,5,72,50.639526643990926,-21.360473356009074,119294,267980,16,900,900
AFJFYJZ849YOZ,FIRSTROUNDFULL,Test,50,3000,26,1658870566318,0,-1,0,SaidNew,1,20,316.7142857142857,757,7,3,-1,-1,-1,-1,-1,45,5,-1,-1,-1,122766,270220,39,900,900
AFJFYJZ849YOZ,FIRSTROUNDFULL,Test,50,3000,27,1658870568062,0,-1,0,SaidNew,1,20,316.7142857142857,757,7,3,-1,-1,-1,-1,-1,45,5,-1,-1,-1,124078,271532,2,900,900
AFJFYJZ849YOZ,FIRSTROUNDFULL,Test,50,3000,28,1658870569372,0,-1,0,SaidNew,1,20,316.7142857142857,757,7,3,-1,-1,-1,-1,-1,45,5,-1,-1,-1,125366,272821,74,900,900
AFJFYJZ849YOZ,FIRSTROUNDFULL,Test,50,3000,29,1658870570661,0,-1,0,SaidNew,1,20,316.7142857142857,757,7,3,-1,-1,-1,-1,-1,45,5,-1,-1,-1,126710,274164,96,900,900
AFJFYJZ849YOZ,FIRSTROUNDFULL,Test,50,3000,30,1658870572014,0,-1,0,SaidNew,1,20,316.7142857142857,757,7,3,-1,-1,-1,-1,-1,45,5,-1,-1,-1,128006,275460,69,900,900
AFJFYJZ849YOZ,FIRSTROUNDFULL,Test,50,3000,31,1658870573303,29,1658870381609,1,SaidOld,1,31,548.7142857142858,408,4,5,200.640625,178.890625,2,2,416.70898597934547,45,5,57.99999999999999,50.186011904761905,-7.813988095238088,130822,280349,48,900,900
AFJFYJZ849YOZ,FIRSTROUNDFULL,Test,50,3000,32,1658870578686,15,1658870339461,1,SaidOld,1,24,416.7142857142857,422,4,4,281.640625,538.890625,5,3,178.6289787006817,45,5,30,55.6281887755102,25.628188775510203,136470,285597,10,900,900
AFJFYJZ849YOZ,FIRSTROUNDFULL,Test,50,3000,33,1658870583935,24,1658870366570,1,SaidNew,0,41,665.7142857142857,754,7,6,-1,-1,-1,-1,-1,45,5,48,-1,-1,139342,286796,68,900,900
AFJFYJZ849YOZ,FIRSTROUNDFULL,Test,50,3000,34,1658870584641,0,-1,0,SaidNew,1,41,665.7142857142857,754,7,6,-1,-1,-1,-1,-1,45,5,-1,-1,-1,141238,288692,29,900,900
AFJFYJZ849YOZ,FIRSTROUNDFULL,Test,50,3000,35,1658870586544,48,1658870438766,1,SaidOld,1,11,214.71428571428572,518,5,2,391.640625,603.890625,6,4,196.67264424910323,45,5,96,75.92297335600907,-20.077026643990934,144014,293269,30,900,900
AFJFYJZ849YOZ,FIRSTROUNDFULL,Test,50,3000,36,1658870591614,0,-1,0,SaidNew,1,11,214.71428571428572,518,5,2,-1,-1,-1,-1,-1,45,5,-1,-1,-1,147910,295364,9,900,900
AFJFYJZ849YOZ,FIRSTROUNDFULL,Test,50,3000,37,1658870593217,31,1658870387627,1,SaidOld,1,40,663.7142857142857,635,6,6,657.640625,646.890625,6,6,13.352015479427893,45,5,62,45.31072845804989,-16.689271541950113,149686,298541,62,900,900
AFJFYJZ849YOZ,FIRSTROUNDFULL,Test,50,3000,38,1658870596880,0,-1,0,SaidNew,1,40,663.7142857142857,635,6,6,-1,-1,-1,-1,-1,45,5,-1,-1,-1,152910,300364,54,900,900
AFJFYJZ849YOZ,FIRSTROUNDFULL,Test,50,3000,39,1658870598207,0,-1,0,SaidNew,1,40,663.7142857142857,635,6,6,-1,-1,-1,-1,-1,45,5,-1,-1,-1,154486,301940,52,900,900
AFJFYJZ849YOZ,FIRSTROUNDFULL,Test,50,3000,40,1658870599789,17,1658870345482,1,SaidOld,1,48,758.7142857142857,734,7,7,663.640625,623.890625,6,6,145.47534301216044,45,5,34,62.65766723356009,28.65766723356009,156406,304909,13,900,900
AFJFYJZ849YOZ,FIRSTROUNDFULL,Test,50,3000,41,1658870603260,12,1658870330443,1,SaidOld,1,25,444.7142857142857,536,5,4,563.640625,532.890625,5,5,118.96698024574488,45,5,24,35.6735402494331,11.673540249433103,159902,308005,60,900,900
AFJFYJZ849YOZ,FIRSTROUNDFULL,Test,50,3000,42,1658870606350,20,1658870354519,1,SaidOld,1,0,107.71428571428571,69,1,1,406.640625,402.890625,4,4,448.15165489111894,45,5,40,25.35607993197279,-14.64392006802721,164038,312380,67,900,900
AFJFYJZ849YOZ,FIRSTROUNDFULL,Test,50,3000,43,1658870610718,0,-1,0,SaidOld,0,0,107.71428571428571,69,1,1,414.640625,558.890625,5,4,578.0973985499502,45,5,-1,41.9093679138322,42.9093679138322,170022,318485,75,900,900
AFJFYJZ849YOZ,FIRSTROUNDFULL,Test,50,3000,44,1658870616823,21,1658870357534,1,SaidOld,1,25,444.7142857142857,536,5,4,535.640625,517.890625,5,5,92.71218171735283,45,5,42,65.26537698412699,23.265376984126988,173429,321637,37,900,900
AFJFYJZ849YOZ,FIRSTROUNDFULL,Test,50,3000,45,1658870619980,41,1658870417700,1,SaidOld,1,1,111.71428571428571,197,2,1,225.640625,186.890625,2,2,114.37399287396725,45,5,82,47.238166099773245,-34.761833900226755,176574,324925,45,900,900
AFJFYJZ849YOZ,FIRSTROUNDFULL,Test,50,3000,46,1658870623266,42,1658870420716,1,SaidOld,1,28,550.7142857142858,69,1,5,583.640625,57.890625,1,5,34.74999326113018,45,5,84,83.29258786848072,-0.707412131519277,180070,328228,89,900,900
AFJFYJZ849YOZ,FIRSTROUNDFULL,Test,50,3000,47,1658870626578,0,-1,0,SaidNew,1,28,550.7142857142858,69,1,5,-1,-1,-1,-1,-1,45,5,-1,-1,-1,182957,330412,77,900,900
AFJFYJZ849YOZ,FIRSTROUNDFULL,Test,50,3000,48,1658870628258,4,1658870306375,1,SaidOld,1,16,320.7142857142857,285,3,3,402.640625,177.890625,2,4,134.84933548834638,45,5,8,70.9343112244898,62.934311224489804,186229,334948,3,900,900
AFJFYJZ849YOZ,FIRSTROUNDFULL,Test,50,3000,49,1658870633290,0,-1,0,SaidNew,1,16,320.7142857142857,285,3,3,-1,-1,-1,-1,-1,45,5,-1,-1,-1,189757,337212,40,900,900
AFJFYJZ849YOZ,FIRSTROUNDFULL,Test,50,3000,50,1658870635060,34,1658870396655,1,SaidOld,1,48,758.7142857142857,734,7,7,667.640625,655.890625,6,6,119.98119077085143,45,5,68,50.526147959183675,-17.473852040816325,192269,341069,53,900,900
A5WWHKD82I8UE,FIRSTROUNDFULL,Temporal,50,3000,1,1658870762232,0,-1,0,SaidNew,1,26,322.5028571428571,468.5733333333334,6,4,-1,-1,-1,-1,-1,47,3,-1,-1,-1,21388,168479,18,663,663,1658870599259,26/07/2022@17,Mozilla/5.0(WindowsNT10.0;Win64;x64)AppleWebKit/537.36(KHTMLlikeGecko)Chrome/103.0.0.0Safari/537.36,1344,698,1344,840,498897
A5WWHKD82I8UE,FIRSTROUNDFULL,Test,50,3000,2,1658870768242,23,1658870665301,1,SaidOld,1,44,559.0228571428572,220.05333333333334,3,7,337.5124816894531,383.875,5,4,275.5075042588722,47,3,46,52.92950411239647,6.929504112396472,26755,178402,52,663,663
A5WWHKD82I8UE,FIRSTROUNDFULL,Test,50,3000,3,1658870778665,0,-1,0,SaidNew,1,44,559.0228571428572,220.05333333333334,3,7,-1,-1,-1,-1,-1,47,3,-1,-1,-1,33865,180956,85,663,663
A5WWHKD82I8UE,FIRSTROUNDFULL,Test,50,3000,4,1658870780717,0,-1,0,SaidNew,1,44,559.0228571428572,220.05333333333334,3,7,-1,-1,-1,-1,-1,47,3,-1,-1,-1,35655,182746,48,663,663
A5WWHKD82I8UE,FIRSTROUNDFULL,Test,50,3000,5,1658870782508,0,-1,0,SaidNew,1,44,559.0228571428572,220.05333333333334,3,7,-1,-1,-1,-1,-1,47,3,-1,-1,-1,37235,184325,10,663,663
A5WWHKD82I8UE,FIRSTROUNDFULL,Test,50,3000,6,1658870784087,8,1658870620278,1,SaidOld,1,43,572.0228571428572,125.54666666666668,2,7,567.5124816894531,123.875,2,7,4.810192945726261,47,3,16,17.952616593136074,1.9526165931360744,43231,191737,57,663,663
A5WWHKD82I8UE,FIRSTROUNDFULL,Test,50,3000,7,1658870791997,24,1658870668303,1,SaidOld,1,8,152.48952380952383,145.54666666666668,2,2,64.51248168945312,229.875,3,1,121.86561345586568,47,3,48,60.32549794906827,12.325497949068271,49037,198180,43,663,663
A5WWHKD82I8UE,FIRSTROUNDFULL,Test,50,3000,8,1658870798440,0,-1,0,SaidNew,1,8,152.48952380952383,145.54666666666668,2,2,-1,-1,-1,-1,-1,47,3,-1,-1,-1,53615,200706,96,663,663
A5WWHKD82I8UE,FIRSTROUNDFULL,Test,50,3000,9,1658870800467,20,1658870656298,1,SaidOld,1,10,162.48952380952383,297.56000000000006,4,2,507.5124816894531,301.875,4,6,345.0499394134355,47,3,40,47.84475834968461,7.844758349684611,57463,206506,6,663,663
A5WWHKD82I8UE,FIRSTROUNDFULL,Test,50,3000,10,1658870806768,0,-1,0,SaidNew,1,10,162.48952380952383,297.56000000000006,4,2,-1,-1,-1,-1,-1,47,3,-1,-1,-1,62103,209193,9,663,663
A5WWHKD82I8UE,FIRSTROUNDFULL,Test,50,3000,11,1658870808956,0,-1,0,SaidNew,1,10,162.48952380952383,297.56000000000006,4,2,-1,-1,-1,-1,-1,47,3,-1,-1,-1,63597,210687,65,663,663
A5WWHKD82I8UE,FIRSTROUNDFULL,Test,50,3000,12,1658870810448,34,1658870698319,1,SaidOld,1,26,322.5028571428571,468.5733333333334,6,4,474.5124816894531,369.875,5,6,181.24096379564656,47,3,68,65.87249332657214,-2.1275066734278596,66261,215528,29,663,663
A5WWHKD82I8UE,FIRSTROUNDFULL,Test,50,3000,13,1658870815789,0,-1,0,SaidNew,1,26,322.5028571428571,468.5733333333334,6,4,-1,-1,-1,-1,-1,47,3,-1,-1,-1,70481,217572,68,663,663
A5WWHKD82I8UE,FIRSTROUNDFULL,Test,50,3000,14,1658870817333,0,-1,0,SaidNew,1,26,322.5028571428571,468.5733333333334,6,4,-1,-1,-1,-1,-1,47,3,-1,-1,-1,72185,219275,69,663,663
A5WWHKD82I8UE,FIRSTROUNDFULL,Test,50,3000,15,1658870819035,0,-1,0,SaidNew,1,26,322.5028571428571,468.5733333333334,6,4,-1,-1,-1,-1,-1,47,3,-1,-1,-1,73409,220500,4,663,663
A5WWHKD82I8UE,FIRSTROUNDFULL,Test,50,3000,16,1658870820262,0,-1,0,SaidNew,1,26,322.5028571428571,468.5733333333334,6,4,-1,-1,-1,-1,-1,47,3,-1,-1,-1,74679,221769,11,663,663
A5WWHKD82I8UE,FIRSTROUNDFULL,Test,50,3000,17,1658870821530,36,1658870704322,1,SaidOld,1,20,241.9961904761905,551.0799999999999,7,3,176.51248168945312,483.875,6,2,93.8329800308304,47,3,72,77.5828169013025,5.582816901302493,77722,226563,21,663,663
A5WWHKD82I8UE,FIRSTROUNDFULL,Test,50,3000,18,1658870826827,31,1658870689314,1,SaidOld,1,48,570.0228571428572,547.08,7,7,564.5124816894531,539.875,7,7,9.07062636412056,47,3,62,91.60438854999278,29.604388549992777,83027,231730,5,663,663
A5WWHKD82I8UE,FIRSTROUNDFULL,Test,50,3000,19,1658870831991,33,1658870695317,1,SaidOld,1,4,79.98285714285716,382.0666666666667,5,1,92.51248168945312,370.875,5,1,16.800145655810226,47,3,66,54.16216975184177,-11.837830248158227,88031,236971,42,663,663
A5WWHKD82I8UE,FIRSTROUNDFULL,Test,50,3000,20,1658870837232,41,1658870719330,1,SaidOld,1,29,410.0095238095239,123.54666666666668,2,5,403.5124816894531,129.875,2,5,9.069694542141502,47,3,82,58.47649948990033,-23.523500510099673,93312,243112,60,663,663
A5WWHKD82I8UE,FIRSTROUNDFULL,Test,50,3000,21,1658870843373,0,-1,0,SaidNew,1,29,410.0095238095239,123.54666666666668,2,5,-1,-1,-1,-1,-1,47,3,-1,-1,-1,97795,244885,59,663,663
A5WWHKD82I8UE,FIRSTROUNDFULL,Test,50,3000,22,1658870844647,0,-1,0,SaidNew,1,29,410.0095238095239,123.54666666666668,2,5,-1,-1,-1,-1,-1,47,3,-1,-1,-1,99043,246134,34,663,663
A5WWHKD82I8UE,FIRSTROUNDFULL,Test,50,3000,23,1658870845903,0,-1,0,SaidNew,1,29,410.0095238095239,123.54666666666668,2,5,-1,-1,-1,-1,-1,47,3,-1,-1,-1,100615,247706,77,663,663
A5WWHKD82I8UE,FIRSTROUNDFULL,Test,50,3000,24,1658870847467,6,1658870614275,1,SaidOld,1,43,572.0228571428572,125.54666666666668,2,7,561.5124816894531,137.875,2,7,16.200487491100283,47,3,12,60.63366435892961,48.63366435892961,105054,253639,20,663,663
A5WWHKD82I8UE,FIRSTROUNDFULL,Test,50,3000,25,1658870853902,0,-1,0,SaidNew,1,43,572.0228571428572,125.54666666666668,2,7,-1,-1,-1,-1,-1,47,3,-1,-1,-1,108530,255621,22,663,663
A5WWHKD82I8UE,FIRSTROUNDFULL,Test,50,3000,26,1658870855381,7,1658870617276,1,SaidOld,1,10,162.48952380952383,297.56000000000006,4,2,331.5124816894531,209.875,3,4,190.41381125191617,47,3,14.000000000000002,38.445682848914196,24.445682848914196,112017,260788,41,663,663
A5WWHKD82I8UE,FIRSTROUNDFULL,Test,50,3000,27,1658870861049,0,-1,0,SaidNew,1,10,162.48952380952383,297.56000000000006,4,2,-1,-1,-1,-1,-1,47,3,-1,-1,-1,115665,262756,93,663,663
A5WWHKD82I8UE,FIRSTROUNDFULL,Test,50,3000,28,1658870862517,29,1658870683311,1,SaidOld,1,4,79.98285714285716,382.0666666666667,5,1,64.51248168945312,454.875,6,1,74.43376867690534,47,3,57.99999999999999,51.38867206308985,-6.611327936910143,119615,269399,12,663,663
A5WWHKD82I8UE,FIRSTROUNDFULL,Test,50,3000,29,1658870869661,0,-1,0,SaidNew,1,4,79.98285714285716,382.0666666666667,5,1,-1,-1,-1,-1,-1,47,3,-1,-1,-1,124531,271621,78,663,663
A5WWHKD82I8UE,FIRSTROUNDFULL,Test,50,3000,30,1658870871383,21,1658870659299,1,SaidOld,1,47,563.0228571428572,468.5733333333334,6,7,416.5124816894531,228.875,3,5,280.9280710756318,47,3,42,31.66602183196504,-10.33397816803496,126814,275573,70,663,663
A5WWHKD82I8UE,FIRSTROUNDFULL,Test,50,3000,31,1658870875833,5,1658870611274,1,SaidOld,1,0,73.98285714285716,57.04000000000001,1,1,84.51248168945312,205.875,3,1,149.20700458789548,47,3,10,13.021954035354874,3.0219540353548737,132213,281325,99,663,663
A5WWHKD82I8UE,FIRSTROUNDFULL,Test,50,3000,32,1658870881585,48,1658870740347,1,SaidOld,1,46,579.0228571428572,386.0666666666667,5,7,555.5124816894531,381.875,5,7,23.881118554298723,47,3,96,51.69683847295118,-44.30316152704882,137424,286799,17,663,663
A5WWHKD82I8UE,FIRSTROUNDFULL,Test,50,3000,33,1658870887060,0,-1,0,SaidNew,1,46,579.0228571428572,386.0666666666667,5,7,-1,-1,-1,-1,-1,47,3,-1,-1,-1,141551,288641,28,663,663
A5WWHKD82I8UE,FIRSTROUNDFULL,Test,50,3000,34,1658870888402,0,-1,0,SaidNew,1,46,579.0228571428572,386.0666666666667,5,7,-1,-1,-1,-1,-1,47,3,-1,-1,-1,142877,289967,53,663,663
A5WWHKD82I8UE,FIRSTROUNDFULL,Test,50,3000,35,1658870889728,0,-1,0,SaidNew,1,46,579.0228571428572,386.0666666666667,5,7,-1,-1,-1,-1,-1,47,3,-1,-1,-1,144478,291569,83,663,663
A5WWHKD82I8UE,FIRSTROUNDFULL,Test,50,3000,36,1658870891331,2,1658870602269,1,SaidOld,1,34,402.0095238095239,544.08,7,5,299.5124816894531,550.875,7,4,102.72203107592627,47,3,4,0.38713123104054314,-3.6128687689594567,146609,296479,8,663,663
A5WWHKD82I8UE,FIRSTROUNDFULL,Test,50,3000,37,1658870896740,12,1658870632283,1,SaidOld,1,10,162.48952380952383,297.56000000000006,4,2,248.51248168945312,233.875,3,3,107.0314370052654,47,3,24,47.998841554615275,23.998841554615275,153611,301993,35,663,663
A5WWHKD82I8UE,FIRSTROUNDFULL,Test,50,3000,38,1658870902254,35,1658870701320,1,SaidNew,0,37,479.51619047619056,208.05333333333334,3,6,-1,-1,-1,-1,-1,47,3,70,-1,-1,156768,303859,31,663,663
A5WWHKD82I8UE,FIRSTROUNDFULL,Test,50,3000,39,1658870903619,11,1658870629282,1,SaidOld,1,45,575.0228571428572,304.56000000000006,4,7,471.5124816894531,156.875,2,6,180.34760062586,47,3,22,29.046607348143777,7.046607348143777,160255,309136,81,663,663
A5WWHKD82I8UE,FIRSTROUNDFULL,Test,50,3000,40,1658870909397,0,-1,0,SaidNew,1,45,575.0228571428572,304.56000000000006,4,7,-1,-1,-1,-1,-1,47,3,-1,-1,-1,163778,310868,14,663,663
A5WWHKD82I8UE,FIRSTROUNDFULL,Test,50,3000,41,1658870910629,0,-1,0,SaidNew,1,45,575.0228571428572,304.56000000000006,4,7,-1,-1,-1,-1,-1,47,3,-1,-1,-1,165172,312263,80,663,663
A5WWHKD82I8UE,FIRSTROUNDFULL,Test,50,3000,42,1658870912035,0,-1,0,SaidNew,1,45,575.0228571428572,304.56000000000006,4,7,-1,-1,-1,-1,-1,47,3,-1,-1,-1,166536,313627,88,663,663
A5WWHKD82I8UE,FIRSTROUNDFULL,Test,50,3000,43,1658870913389,0,-1,0,SaidNew,1,45,575.0228571428572,304.56000000000006,4,7,-1,-1,-1,-1,-1,47,3,-1,-1,-1,168209,315299,87,663,663
A5WWHKD82I8UE,FIRSTROUNDFULL,Test,50,3000,44,1658870915061,43,1658870725338,1,SaidOld,1,34,402.0095238095239,544.08,7,5,340.5124816894531,467.875,6,4,97.92388990699749,47,3,86,20.880197486818663,-65.11980251318134,172578,322371,27,663,663
A5WWHKD82I8UE,FIRSTROUNDFULL,Test,50,3000,45,1658870922633,9,1658870623279,1,SaidOld,1,28,405.0095238095239,43.04000000000001,1,5,233.51248168945312,309.875,4,3,317.19418765313674,47,3,18,29.66294016786643,11.66294016786643,178641,328234,36,663,663
A5WWHKD82I8UE,FIRSTROUNDFULL,Test,50,3000,46,1658870928495,19,1658870653297,1,SaidOld,1,42,569.0228571428572,55.04000000000001,1,7,168.51248168945312,44.875,1,2,400.6393491293968,47,3,38,20.109781462165348,-17.890218537834652,185675,334996,95,663,663
A5WWHKD82I8UE,FIRSTROUNDFULL,Test,50,3000,47,1658870935257,0,-1,0,SaidNew,1,42,569.0228571428572,55.04000000000001,1,7,-1,-1,-1,-1,-1,47,3,-1,-1,-1,189750,336840,3,663,663
A5WWHKD82I8UE,FIRSTROUNDFULL,Test,50,3000,48,1658870936601,0,-1,0,SaidNew,1,42,569.0228571428572,55.04000000000001,1,7,-1,-1,-1,-1,-1,47,3,-1,-1,-1,191211,338301,94,663,663
A5WWHKD82I8UE,FIRSTROUNDFULL,Test,50,3000,49,1658870938063,0,-1,0,SaidNew,1,42,569.0228571428572,55.04000000000001,1,7,-1,-1,-1,-1,-1,47,3,-1,-1,-1,192963,340053,97,663,663
A5WWHKD82I8UE,FIRSTROUNDFULL,Test,50,3000,50,1658870939816,49,1658870743348,1,SaidNew,0,20,241.9961904761905,551.0799999999999,7,3,-1,-1,-1,-1,-1,47,3,98,-1,-1,194363,341453,32,663,663
A11F3MA5FWH6SJ,FIRSTROUNDFULL,Temporal,50,3000,1,1658869326878,49,1658869299637,1,SaidOld,1,39,671.0609523809522,535.1333333333332,5,6,654.546875,522.078125,5,6,21.0512046299211,38,12,98,3.164842017738359,-94.83515798226163,27046,181410,70,921,921,1658869155293,26/07/2022@17,Mozilla/5.0(WindowsNT10.0;Win64;x64)AppleWebKit/537.36(KHTMLlikeGecko)Chrome/103.0.0.0Safari/537.36,1920,969,1920,1080,472425
A11F3MA5FWH6SJ,FIRSTROUNDFULL,Test,50,3000,2,1658869337706,17,1658869203388,1,SaidOld,1,2,99.9942857142857,291.9066666666667,3,1,196.546875,412.078125,4,2,154.1544092646587,38,12,34,3.275706762749446,-30.724293237250553,40446,195256,14,921,921
A11F3MA5FWH6SJ,FIRSTROUNDFULL,Test,50,3000,3,1658869351554,33,1658869251498,1,SaidOld,1,24,456.8342857142857,427.52000000000004,4,4,552.546875,416.078125,4,5,96.3940675108767,38,12,66,4.273489467849224,-61.726510532150776,52965,203576,62,921,921
A11F3MA5FWH6SJ,FIRSTROUNDFULL,Test,50,3000,4,1658869359871,11,1658869185331,1,SaidOld,1,23,455.8342857142857,308.9066666666667,3,4,458.546875,297.078125,3,4,12.135589750524776,38,12,22,3.164842017738359,-18.83515798226164,58365,206432,53,921,921
A11F3MA5FWH6SJ,FIRSTROUNDFULL,Test,50,3000,5,1658869362726,47,1658869293616,1,SaidOld,1,37,667.0609523809522,315.9066666666667,3,6,663.546875,168.078125,2,6,147.8703028709035,38,12,94,97.51074002217295,3.5107400221729534,62261,211721,4,921,921
A11F3MA5FWH6SJ,FIRSTROUNDFULL,Test,50,3000,6,1658869368015,4,1658869164308,1,SaidOld,1,12,217.60761904761904,650.7466666666666,6,2,252.546875,200.078125,2,2,452.02089117038156,38,12,8,3.940895232815964,-4.059104767184036,66726,215289,15,921,921
A11F3MA5FWH6SJ,FIRSTROUNDFULL,Test,50,3000,7,1658869371585,0,-1,0,SaidOld,0,12,217.60761904761904,650.7466666666666,6,2,102.546875,275.078125,3,1,392.89416898033966,38,12,-1,6.379919623059867,7.379919623059867,72662,220961,97,921,921
A11F3MA5FWH6SJ,FIRSTROUNDFULL,Test,50,3000,8,1658869377255,0,-1,0,SaidOld,0,12,217.60761904761904,650.7466666666666,6,2,679.546875,723.078125,7,6,467.5678732060898,38,12,-1,5.1604074279379155,6.1604074279379155,76998,225400,37,921,921
A11F3MA5FWH6SJ,FIRSTROUNDFULL,Test,50,3000,9,1658869381695,0,-1,0,SaidOld,0,12,217.60761904761904,650.7466666666666,6,2,429.546875,214.078125,2,4,485.3840371241541,38,12,-1,96.73468680709534,97.73468680709534,81342,230160,79,921,921
A11F3MA5FWH6SJ,FIRSTROUNDFULL,Test,50,3000,10,1658869386457,0,-1,0,SaidOld,0,12,217.60761904761904,650.7466666666666,6,2,761.546875,602.078125,6,7,546.1122056079593,38,12,-1,95.18258037694012,96.18258037694012,85086,233536,67,921,921
A11F3MA5FWH6SJ,FIRSTROUNDFULL,Test,50,3000,11,1658869389837,0,-1,0,SaidOld,0,12,217.60761904761904,650.7466666666666,6,2,123.546875,669.078125,6,1,95.83040193705983,38,12,-1,5.271272172949002,6.271272172949002,88454,236392,75,921,921
A11F3MA5FWH6SJ,FIRSTROUNDFULL,Test,50,3000,12,1658869392687,6,1658869170317,1,SaidOld,1,30,548.447619047619,312.9066666666667,3,5,648.546875,70.078125,1,6,262.6510264403708,38,12,12,0.28235864745011086,-11.717641352549888,91270,239280,44,921,921
A11F3MA5FWH6SJ,FIRSTROUNDFULL,Test,50,3000,13,1658869395583,22,1658869218425,1,SaidOld,1,21,430.8342857142857,73.68,1,4,670.546875,191.078125,2,6,266.9165510334216,38,12,44,4.273489467849224,-39.726510532150776,95326,243409,88,921,921
A11F3MA5FWH6SJ,FIRSTROUNDFULL,Test,50,3000,14,1658869399705,0,-1,0,SaidOld,0,21,430.8342857142857,73.68,1,4,119.546875,641.078125,6,1,647.1788657880602,38,12,-1,91.74577328159646,92.74577328159646,98494,247072,77,921,921
A11F3MA5FWH6SJ,FIRSTROUNDFULL,Test,50,3000,15,1658869403373,0,-1,0,SaidOld,0,21,430.8342857142857,73.68,1,4,430.546875,86.078125,1,4,12.401455899784954,38,12,-1,10.038456208425721,11.038456208425721,102118,249960,89,921,921
A11F3MA5FWH6SJ,FIRSTROUNDFULL,Test,50,3000,16,1658869406255,0,-1,0,SaidOld,0,21,430.8342857142857,73.68,1,4,704.546875,647.078125,6,6,635.3770465534662,38,12,-1,6.26905487804878,7.26905487804878,105182,253168,24,921,921
A11F3MA5FWH6SJ,FIRSTROUNDFULL,Test,50,3000,17,1658869409475,0,-1,0,SaidOld,0,21,430.8342857142857,73.68,1,4,145.546875,202.078125,2,1,312.849780590585,38,12,-1,0.7258176274944568,1.7258176274944568,108086,255872,72,921,921
A11F3MA5FWH6SJ,FIRSTROUNDFULL,Test,50,3000,18,1658869412179,12,1658869188344,1,SaidOld,1,24,456.8342857142857,427.52000000000004,4,4,451.546875,466.078125,4,4,38.91896344427952,38,12,24,7.488567073170732,-16.51143292682927,110870,260032,50,921,921
A11F3MA5FWH6SJ,FIRSTROUNDFULL,Test,50,3000,19,1658869416329,0,-1,0,SaidOld,0,24,456.8342857142857,427.52000000000004,4,4,423.546875,772.078125,7,4,346.1623220623197,38,12,-1,5.382136917960088,6.382136917960088,115486,263729,94,921,921
A11F3MA5FWH6SJ,FIRSTROUNDFULL,Test,50,3000,20,1658869420023,42,1658869278567,1,SaidOld,1,33,555.447619047619,630.7466666666666,6,5,546.546875,554.078125,5,5,77.1834731396211,38,12,84,93.18701496674058,9.187014966740577,118934,267024,41,921,921
A11F3MA5FWH6SJ,FIRSTROUNDFULL,Test,50,3000,21,1658869423328,14,1658869194356,1,SaidOld,1,47,777.6742857142856,641.7466666666666,6,7,671.546875,168.078125,2,6,485.41210807884187,38,12,28.000000000000004,98.28679323725056,70.28679323725056,121934,269696,74,921,921
A11F3MA5FWH6SJ,FIRSTROUNDFULL,Test,50,3000,22,1658869425996,1,1658869155298,1,SaidOld,1,39,671.0609523809522,535.1333333333332,5,6,676.546875,536.078125,5,6,5.566684675422418,38,12,2,6.047325388026607,4.047325388026607,127174,275304,64,921,921
A11F3MA5FWH6SJ,FIRSTROUNDFULL,Test,50,3000,23,1658869431599,0,-1,0,SaidOld,0,39,671.0609523809522,535.1333333333332,5,6,772.546875,207.078125,2,7,343.39425185123,38,12,-1,3.940895232815964,4.940895232815964,130326,278473,56,921,921
A11F3MA5FWH6SJ,FIRSTROUNDFULL,Test,50,3000,24,1658869434768,41,1658869275555,1,SaidOld,1,43,791.6742857142856,188.29333333333335,2,7,783.546875,383.078125,4,7,194.95427635613797,38,12,82,5.825595898004435,-76.17440410199556,133686,281584,86,921,921
A11F3MA5FWH6SJ,FIRSTROUNDFULL,Test,50,3000,25,1658869437879,18,1658869206399,1,SaidOld,1,11,231.60761904761904,543.1333333333332,5,2,475.546875,341.078125,3,4,316.75332328047944,38,12,36,5.714731152993348,-30.285268847006652,136494,284368,33,921,921
A11F3MA5FWH6SJ,FIRSTROUNDFULL,Test,50,3000,26,1658869440666,0,-1,0,SaidNew,1,11,231.60761904761904,543.1333333333332,5,2,-1,-1,-1,-1,-1,38,12,-1,-1,-1,144182,291528,95,921,921
A11F3MA5FWH6SJ,FIRSTROUNDFULL,Test,50,3000,27,1658869447326,0,-1,0,SaidNew,1,11,231.60761904761904,543.1333333333332,5,2,-1,-1,-1,-1,-1,38,12,-1,-1,-1,145662,293008,2,921,921
A11F3MA5FWH6SJ,FIRSTROUNDFULL,Test,50,3000,28,1658869448813,35,1658869257515,1,SaidOld,1,20,329.2209523809524,764.3599999999999,7,3,417.546875,640.078125,6,4,152.4711548458317,38,12,70,12.366615853658537,-57.63338414634146,147670,295744,28,921,921
A11F3MA5FWH6SJ,FIRSTROUNDFULL,Test,50,3000,29,1658869452039,27,1658869233448,1,SaidOld,1,32,573.447619047619,533.1333333333332,5,5,106.546875,650.078125,6,1,481.32358044270006,38,12,54,16.912070399113084,-37.087929600886916,150774,298744,98,921,921
A11F3MA5FWH6SJ,FIRSTROUNDFULL,Test,50,3000,30,1658869455040,0,-1,0,SaidNew,1,32,573.447619047619,533.1333333333332,5,5,-1,-1,-1,-1,-1,38,12,-1,-1,-1,153574,300920,71,921,921
A11F3MA5FWH6SJ,FIRSTROUNDFULL,Test,50,3000,31,1658869456728,0,-1,0,SaidNew,1,32,573.447619047619,533.1333333333332,5,5,-1,-1,-1,-1,-1,38,12,-1,-1,-1,154878,302225,63,921,921
A11F3MA5FWH6SJ,FIRSTROUNDFULL,Test,50,3000,32,1658869458024,43,1658869281582,1,SaidOld,1,3,95.9942857142857,427.52000000000004,4,1,118.546875,537.078125,5,1,111.85527272777861,38,12,86,97.51074002217295,11.510740022172953,156862,305657,84,921,921
A11F3MA5FWH6SJ,FIRSTROUNDFULL,Test,50,3000,33,1658869461952,25,1658869227435,1,SaidOld,1,9,198.60761904761904,300.9066666666667,3,2,491.546875,421.078125,4,4,316.6300476516634,38,12,50,95.95863359201773,45.95863359201773,160534,308424,69,921,921
A11F3MA5FWH6SJ,FIRSTROUNDFULL,Test,50,3000,34,1658869464719,0,-1,0,SaidNew,1,9,198.60761904761904,300.9066666666667,3,2,-1,-1,-1,-1,-1,38,12,-1,-1,-1,163014,310360,92,921,921
A11F3MA5FWH6SJ,FIRSTROUNDFULL,Test,50,3000,35,1658869466161,39,1658869269552,1,SaidOld,1,0,101.9942857142857,86.68,1,1,130.546875,193.078125,2,1,110.16265863909744,38,12,78,98.50852272727273,20.508522727272734,164894,313152,9,921,921
A11F3MA5FWH6SJ,FIRSTROUNDFULL,Test,50,3000,36,1658869469453,0,-1,0,SaidNew,1,0,101.9942857142857,86.68,1,1,-1,-1,-1,-1,-1,38,12,-1,-1,-1,168054,315400,7,921,921
A11F3MA5FWH6SJ,FIRSTROUNDFULL,Test,50,3000,37,1658869471202,19,1658869209409,1,SaidOld,1,37,667.0609523809522,315.9066666666667,3,6,352.546875,184.078125,2,3,341.02473410113777,38,12,38,9.484132483370288,-28.51586751662971,169974,317928,8,921,921
A11F3MA5FWH6SJ,FIRSTROUNDFULL,Test,50,3000,38,1658869474223,0,-1,0,SaidOld,0,37,667.0609523809522,315.9066666666667,3,6,671.546875,85.078125,1,6,230.87212726898014,38,12,-1,2.0561945676274944,3.0561945676274944,172982,320872,19,921,921
A11F3MA5FWH6SJ,FIRSTROUNDFULL,Test,50,3000,39,1658869477168,0,-1,0,SaidNew,1,37,667.0609523809522,315.9066666666667,3,6,-1,-1,-1,-1,-1,38,12,-1,-1,-1,175374,322720,13,921,921
A11F3MA5FWH6SJ,FIRSTROUNDFULL,Test,50,3000,40,1658869478517,0,-1,0,SaidNew,1,37,667.0609523809522,315.9066666666667,3,6,-1,-1,-1,-1,-1,38,12,-1,-1,-1,176662,324008,51,921,921
A11F3MA5FWH6SJ,FIRSTROUNDFULL,Test,50,3000,41,1658869479814,21,1658869215423,1,SaidOld,1,4,89.9942857142857,519.1333333333332,5,1,223.546875,640.078125,6,2,180.1775145133602,38,12,42,15.470828713968956,-26.529171286031044,178590,327473,76,921,921
A11F3MA5FWH6SJ,FIRSTROUNDFULL,Test,50,3000,42,1658869483769,0,-1,0,SaidNew,1,4,89.9942857142857,519.1333333333332,5,1,-1,-1,-1,-1,-1,38,12,-1,-1,-1,182422,329768,46,921,921
A11F3MA5FWH6SJ,FIRSTROUNDFULL,Test,50,3000,43,1658869485564,0,-1,0,SaidNew,1,4,89.9942857142857,519.1333333333332,5,1,-1,-1,-1,-1,-1,38,12,-1,-1,-1,183677,331024,80,921,921
A11F3MA5FWH6SJ,FIRSTROUNDFULL,Test,50,3000,44,1658869486821,0,-1,0,SaidNew,1,4,89.9942857142857,519.1333333333332,5,1,-1,-1,-1,-1,-1,38,12,-1,-1,-1,184774,332120,36,921,921
A11F3MA5FWH6SJ,FIRSTROUNDFULL,Test,50,3000,45,1658869487928,0,-1,0,SaidNew,1,4,89.9942857142857,519.1333333333332,5,1,-1,-1,-1,-1,-1,38,12,-1,-1,-1,185894,333240,52,921,921
A11F3MA5FWH6SJ,FIRSTROUNDFULL,Test,50,3000,46,1658869489048,29,1658869239459,1,SaidOld,1,1,113.99428571428571,182.29333333333335,2,1,132.546875,182.078125,2,1,18.553837442187984,38,12,57.99999999999999,9.373267738359202,-48.62673226164079,187854,335920,100,921,921
A11F3MA5FWH6SJ,FIRSTROUNDFULL,Test,50,3000,47,1658869492228,0,-1,0,SaidNew,1,1,113.99428571428571,182.29333333333335,2,1,-1,-1,-1,-1,-1,38,12,-1,-1,-1,190214,337560,39,921,921
A11F3MA5FWH6SJ,FIRSTROUNDFULL,Test,50,3000,48,1658869493365,23,1658869221432,1,SaidOld,1,15,332.2209523809524,176.29333333333335,2,3,405.546875,74.078125,1,4,125.79602435117455,38,12,46,7.932026053215077,-38.067973946784925,192398,340240,42,921,921
A11F3MA5FWH6SJ,FIRSTROUNDFULL,Test,50,3000,49,1658869496544,32,1658869248487,1,SaidOld,1,48,804.6742857142856,754.3599999999999,7,7,338.546875,647.078125,6,3,478.3138757371773,38,12,64,20.681471729490024,-43.31852827050997,195374,343336,1,921,921
A11F3MA5FWH6SJ,FIRSTROUNDFULL,Test,50,3000,50,1658869499640,10,1658869182330,1,SaidOld,1,3,95.9942857142857,427.52000000000004,4,1,584.546875,570.078125,5,5,508.92676437901304,38,12,20,22.787901884700666,2.7879018847006662,198053,345992,32,921,921
A38OPVI04AH4JG,FIRSTROUNDFULL,Temporal,50,3000,1,1658868681054,16,1658868565348,1,SaidOld,1,21,433.89523809523814,83.19999999999999,1,4,661.078125,519.71875,5,6,492.0982454794412,47,3,32,18.020713876146786,-13.979286123853214,19947,171894,80,890,890,1658868520213,26/07/2022@15,Mozilla/5.0(WindowsNT10.0;Win64;x64)AppleWebKit/537.36(KHTMLlikeGecko)Chrome/103.0.0.0Safari/537.36,1920,937,1920,1080,461801
A38OPVI04AH4JG,FIRSTROUNDFULL,Test,50,3000,2,1658868693111,0,-1,0,SaidNew,1,21,433.89523809523814,83.19999999999999,1,4,-1,-1,-1,-1,-1,47,3,-1,-1,-1,27735,175214,34,890,890
A38OPVI04AH4JG,FIRSTROUNDFULL,Test,50,3000,3,1658868695929,0,-1,0,SaidNew,1,21,433.89523809523814,83.19999999999999,1,4,-1,-1,-1,-1,-1,47,3,-1,-1,-1,29863,177342,63,890,890
A38OPVI04AH4JG,FIRSTROUNDFULL,Test,50,3000,4,1658868698061,0,-1,0,SaidNew,1,21,433.89523809523814,83.19999999999999,1,4,-1,-1,-1,-1,-1,47,3,-1,-1,-1,31566,179045,6,890,890
A38OPVI04AH4JG,FIRSTROUNDFULL,Test,50,3000,5,1658868699773,0,-1,0,SaidNew,1,21,433.89523809523814,83.19999999999999,1,4,-1,-1,-1,-1,-1,47,3,-1,-1,-1,33443,180922,76,890,890
A38OPVI04AH4JG,FIRSTROUNDFULL,Test,50,3000,6,1658868701649,0,-1,0,SaidNew,1,21,433.89523809523814,83.19999999999999,1,4,-1,-1,-1,-1,-1,47,3,-1,-1,-1,34885,182364,35,890,890
A38OPVI04AH4JG,FIRSTROUNDFULL,Test,50,3000,7,1658868703082,12,1658868553293,1,SaidOld,1,43,745.1619047619048,188.95555555555558,2,7,763.078125,292.71875,3,7,105.29858246403658,47,3,24,13.433557912844037,-10.566442087155963,37033,186442,12,890,890
A38OPVI04AH4JG,FIRSTROUNDFULL,Test,50,3000,8,1658868707656,42,1658868643627,1,SaidOld,1,18,329.13968253968255,528.2222222222222,5,3,419.078125,509.71875,5,4,91.82212106277213,47,3,84,11.942732224770642,-72.05726777522936,41983,191290,41,890,890
A38OPVI04AH4JG,FIRSTROUNDFULL,Test,50,3000,9,1658868712504,41,1658868640612,1,SaidOld,1,33,552.6507936507937,614.9777777777778,6,5,543.078125,612.71875,6,5,9.835608349190231,47,3,82,15.268420298165136,-66.73157970183486,46101,194846,38,890,890
A38OPVI04AH4JG,FIRSTROUNDFULL,Test,50,3000,10,1658868716069,0,-1,0,SaidNew,1,33,552.6507936507937,614.9777777777778,6,5,-1,-1,-1,-1,-1,47,3,-1,-1,-1,50484,197964,83,890,890
A38OPVI04AH4JG,FIRSTROUNDFULL,Test,50,3000,11,1658868718681,8,1658868541263,1,SaidOld,1,43,745.1619047619048,188.95555555555558,2,7,544.078125,173.71875,2,5,201.66022594173606,47,3,16,13.777594610091743,-2.222405389908257,52856,201890,60,890,890
A38OPVI04AH4JG,FIRSTROUNDFULL,Test,50,3000,12,1658868723119,0,-1,0,SaidNew,1,43,745.1619047619048,188.95555555555558,2,7,-1,-1,-1,-1,-1,47,3,-1,-1,-1,56871,204350,59,890,890
A38OPVI04AH4JG,FIRSTROUNDFULL,Test,50,3000,13,1658868725066,50,1658868667692,1,SaidOld,1,45,758.1619047619048,396.4666666666667,4,7,756.078125,519.71875,5,7,123.26969694171825,47,3,100,10.107869839449542,-89.89213016055047,58891,208100,67,890,890
A38OPVI04AH4JG,FIRSTROUNDFULL,Test,50,3000,14,1658868729328,0,-1,0,SaidNew,1,45,758.1619047619048,396.4666666666667,4,7,-1,-1,-1,-1,-1,47,3,-1,-1,-1,63113,210592,14,890,890
A38OPVI04AH4JG,FIRSTROUNDFULL,Test,50,3000,15,1658868731306,0,-1,0,SaidNew,1,45,758.1619047619048,396.4666666666667,4,7,-1,-1,-1,-1,-1,47,3,-1,-1,-1,64435,211914,27,890,890
A38OPVI04AH4JG,FIRSTROUNDFULL,Test,50,3000,16,1658868732642,0,-1,0,SaidNew,1,45,758.1619047619048,396.4666666666667,4,7,-1,-1,-1,-1,-1,47,3,-1,-1,-1,65717,213196,20,890,890
A38OPVI04AH4JG,FIRSTROUNDFULL,Test,50,3000,17,1658868733912,0,-1,0,SaidNew,1,45,758.1619047619048,396.4666666666667,4,7,-1,-1,-1,-1,-1,47,3,-1,-1,-1,67095,214574,9,890,890
A38OPVI04AH4JG,FIRSTROUNDFULL,Test,50,3000,18,1658868735299,0,-1,0,SaidNew,1,45,758.1619047619048,396.4666666666667,4,7,-1,-1,-1,-1,-1,47,3,-1,-1,-1,68667,216146,54,890,890
A38OPVI04AH4JG,FIRSTROUNDFULL,Test,50,3000,19,1658868736864,48,1658868661669,1,SaidOld,1,42,771.1619047619048,88.19999999999999,1,7,660.078125,66.71875,1,6,113.14172628943696,47,3,96,9.305117545871559,-86.69488245412845,70647,219302,24,890,890
A38OPVI04AH4JG,FIRSTROUNDFULL,Test,50,3000,20,1658868740517,25,1658868592434,1,SaidOld,1,23,438.89523809523814,300.71111111111105,3,4,410.078125,299.71875,3,4,28.834194764525524,47,3,50,14.121631307339449,-35.87836869266055,74059,222853,39,890,890
A38OPVI04AH4JG,FIRSTROUNDFULL,Test,50,3000,21,1658868744067,37,1658868628565,1,SaidOld,1,30,537.6507936507937,289.7111111111111,3,5,160.078125,726.71875,7,2,577.5264466319474,47,3,74,9.419796444954128,-64.58020355504587,77937,226842,100,890,890
A38OPVI04AH4JG,FIRSTROUNDFULL,Test,50,3000,22,1658868748058,0,-1,0,SaidNew,1,30,537.6507936507937,289.7111111111111,3,5,-1,-1,-1,-1,-1,47,3,-1,-1,-1,81653,229132,46,890,890
A38OPVI04AH4JG,FIRSTROUNDFULL,Test,50,3000,23,1658868749850,0,-1,0,SaidNew,1,30,537.6507936507937,289.7111111111111,3,5,-1,-1,-1,-1,-1,47,3,-1,-1,-1,83007,230486,31,890,890
A38OPVI04AH4JG,FIRSTROUNDFULL,Test,50,3000,24,1658868751201,29,1658868604479,1,SaidOld,1,44,760.1619047619048,281.7111111111111,3,7,533.078125,739.71875,7,5,511.212324099809,47,3,57.99999999999999,12.860163417431192,-45.139836582568805,85026,239644,56,890,890
A38OPVI04AH4JG,FIRSTROUNDFULL,Test,50,3000,25,1658868760872,9,1658868544265,1,SaidOld,1,5,96.62857142857143,618.9777777777778,6,1,206.078125,606.71875,6,2,110.13395724771419,47,3,18,16.529888188073393,-1.470111811926607,94505,243410,73,890,890
A38OPVI04AH4JG,FIRSTROUNDFULL,Test,50,3000,26,1658868764625,2,1658868523218,1,SaidOld,1,2,80.62857142857143,300.71111111111105,3,1,61.078125,520.71875,5,1,220.874582342605,47,3,4,9.878512041284404,5.878512041284404,98487,247214,32,890,890
A38OPVI04AH4JG,FIRSTROUNDFULL,Test,50,3000,27,1658868768440,20,1658868577384,1,SaidOld,1,32,535.6507936507937,505.22222222222223,5,5,431.078125,649.71875,6,4,178.3667277509536,47,3,40,12.745484518348624,-27.254515481651374,102965,251406,17,890,890
A38OPVI04AH4JG,FIRSTROUNDFULL,Test,50,3000,28,1658868772622,0,-1,0,SaidNew,1,32,535.6507936507937,505.22222222222223,5,5,-1,-1,-1,-1,-1,47,3,-1,-1,-1,106265,253744,87,890,890
A38OPVI04AH4JG,FIRSTROUNDFULL,Test,50,3000,29,1658868774459,18,1658868571364,1,SaidOld,1,31,530.6507936507937,388.4666666666667,4,5,453.078125,296.71875,3,4,120.14657354364898,47,3,36,8.731723050458715,-27.268276949541285,108229,257278,3,890,890
A38OPVI04AH4JG,FIRSTROUNDFULL,Test,50,3000,30,1658868778493,6,1658868535252,1,SaidOld,1,3,84.62857142857143,404.4666666666667,4,1,99.078125,510.71875,5,1,107.23010216859439,47,3,12,10.107869839449542,-1.8921301605504581,112307,260970,28,890,890
A38OPVI04AH4JG,FIRSTROUNDFULL,Test,50,3000,31,1658868782185,11,1658868550279,1,SaidOld,1,7,220.38412698412702,85.19999999999999,1,2,423.078125,78.71875,1,4,202.7975922766866,47,3,22,7.24089736238532,-14.75910263761468,116318,265794,85,890,890
A38OPVI04AH4JG,FIRSTROUNDFULL,Test,50,3000,32,1658868787009,0,-1,0,SaidNew,1,7,220.38412698412702,85.19999999999999,1,2,-1,-1,-1,-1,-1,47,3,-1,-1,-1,120812,268292,26,890,890
A38OPVI04AH4JG,FIRSTROUNDFULL,Test,50,3000,33,1658868789007,0,-1,0,SaidNew,1,7,220.38412698412702,85.19999999999999,1,2,-1,-1,-1,-1,-1,47,3,-1,-1,-1,122352,269832,36,890,890
A38OPVI04AH4JG,FIRSTROUNDFULL,Test,50,3000,34,1658868790559,0,-1,0,SaidNew,1,7,220.38412698412702,85.19999999999999,1,2,-1,-1,-1,-1,-1,47,3,-1,-1,-1,123882,271362,91,890,890
A38OPVI04AH4JG,FIRSTROUNDFULL,Test,50,3000,35,1658868792081,43,1658868646629,1,SaidOld,1,48,769.1619047619048,751.7333333333332,7,7,199.078125,723.71875,7,2,570.7716993921127,47,3,86,9.649154243119266,-76.35084575688073,125702,274929,97,890,890
A38OPVI04AH4JG,FIRSTROUNDFULL,Test,50,3000,36,1658868796151,38,1658868631575,1,SaidNew,0,19,328.13968253968255,616.9777777777778,6,3,-1,-1,-1,-1,-1,47,3,76,-1,-1,129797,277276,71,890,890
A38OPVI04AH4JG,FIRSTROUNDFULL,Test,50,3000,37,1658868798000,0,-1,0,SaidNew,1,19,328.13968253968255,616.9777777777778,6,3,-1,-1,-1,-1,-1,47,3,-1,-1,-1,131423,278902,66,890,890
A38OPVI04AH4JG,FIRSTROUNDFULL,Test,50,3000,38,1658868799627,0,-1,0,SaidNew,1,19,328.13968253968255,616.9777777777778,6,3,-1,-1,-1,-1,-1,47,3,-1,-1,-1,132746,280226,57,890,890
A38OPVI04AH4JG,FIRSTROUNDFULL,Test,50,3000,39,1658868800946,0,-1,0,SaidNew,1,19,328.13968253968255,616.9777777777778,6,3,-1,-1,-1,-1,-1,47,3,-1,-1,-1,134101,281580,4,890,890
A38OPVI04AH4JG,FIRSTROUNDFULL,Test,50,3000,40,1658868802298,17,1658868568359,1,SaidNew,0,48,769.1619047619048,751.7333333333332,7,7,-1,-1,-1,-1,-1,47,3,34,-1,-1,135702,283182,21,890,890
A38OPVI04AH4JG,FIRSTROUNDFULL,Test,50,3000,41,1658868803905,0,-1,0,SaidNew,1,48,769.1619047619048,751.7333333333332,7,7,-1,-1,-1,-1,-1,47,3,-1,-1,-1,137603,285082,96,890,890
A38OPVI04AH4JG,FIRSTROUNDFULL,Test,50,3000,42,1658868805812,10,1658868547273,1,SaidNew,0,3,84.62857142857143,404.4666666666667,4,1,-1,-1,-1,-1,-1,47,3,20,-1,-1,139191,286670,65,890,890
A38OPVI04AH4JG,FIRSTROUNDFULL,Test,50,3000,43,1658868807385,0,-1,0,SaidNew,1,3,84.62857142857143,404.4666666666667,4,1,-1,-1,-1,-1,-1,47,3,-1,-1,-1,140819,288298,52,890,890
A38OPVI04AH4JG,FIRSTROUNDFULL,Test,50,3000,44,1658868809016,19,1658868574373,1,SaidOld,1,17,318.13968253968255,407.4666666666667,4,3,90.078125,503.71875,5,1,247.54098160392124,47,3,38,11.598695527522935,-26.401304472477065,143567,292352,88,890,890
A38OPVI04AH4JG,FIRSTROUNDFULL,Test,50,3000,45,1658868813573,27,1658868598463,1,SaidOld,1,43,745.1619047619048,188.95555555555558,2,7,92.078125,624.71875,6,1,785.1165423174593,47,3,54,10.22254873853211,-43.77745126146789,147476,296398,84,890,890
A38OPVI04AH4JG,FIRSTROUNDFULL,Test,50,3000,46,1658868817613,0,-1,0,SaidNew,1,43,745.1619047619048,188.95555555555558,2,7,-1,-1,-1,-1,-1,47,3,-1,-1,-1,151602,299082,93,890,890
A38OPVI04AH4JG,FIRSTROUNDFULL,Test,50,3000,47,1658868819805,28,1658868601475,1,SaidOld,1,30,537.6507936507937,289.7111111111111,3,5,663.078125,535.71875,5,6,276.13723733149345,47,3,56.00000000000001,6.43814506880734,-49.56185493119267,154367,302934,44,890,890
A38OPVI04AH4JG,FIRSTROUNDFULL,Test,50,3000,48,1658868824149,0,-1,0,SaidNew,1,30,537.6507936507937,289.7111111111111,3,5,-1,-1,-1,-1,-1,47,3,-1,-1,-1,159278,306758,29,890,890
A38OPVI04AH4JG,FIRSTROUNDFULL,Test,50,3000,49,1658868827472,0,-1,0,SaidOld,0,30,537.6507936507937,289.7111111111111,3,5,197.078125,597.71875,6,2,459.1932580579026,47,3,-1,13.2042001146789,14.2042001146789,161393,310106,82,890,890
A38OPVI04AH4JG,FIRSTROUNDFULL,Test,50,3000,50,1658868831320,45,1658868652648,1,SaidOld,1,38,639.4063492063492,405.4666666666667,4,6,648.078125,413.71875,4,6,11.970654733790678,47,3,90,10.451906536697248,-79.54809346330275,165287,313728,19,890,890
